,Name,Price,Category,Lighting_Conditions,Longevity,Average_Height,Uses,Imagen
0,Jeffersonia diphylla,"$4.00
2+  $3.00
7+  $2.00
50+  $1.75",Dormant/Bareroot Plant,sh,HP (in USDA Zones 5 to 7),10 inches,M N O,http://companionplants.com/catalog/images/thumbs/6-14-09%20015.jpg
1,Achyranthes bidentata, $5.00 ,Potted Plants,PS-FS,HP (to zone 5),3 feet,M,http://companionplants.com/catalog/images/thumbs/07-30-14%20035.JPG
2,Achillea millefolium, $5.00 ,Potted Plants,PS-FS,HP (zones 3 to 10),2 feet,A E L M N,http://companionplants.com/catalog/images/thumbs/Achillea%20millefolium.JPG
3,Aconitum napellus, $8.75 ,Potted Plants,PS-FS,HP (zones 2 to 9),3 feet,M O,http://companionplants.com/catalog/images/thumbs/6-14-09%20027.jpg
4,Acorus calamus, $5.00 ,Potted Plants,PS-FS,HP (zones 4 to 11),5 feet,A C D L M N O,http://companionplants.com/catalog/images/thumbs/7-19-12%20011.jpg
5,Acorus gramineus 'Licorice', $5.00 ,Potted Plants,PS-FS,HP (zones 5 to 10),12 inches,A C M,http://companionplants.com/catalog/images/Photo_Unavail.jpg
6,Alchemilla vulgaris, $5.00 ,Potted Plants,PS-FS,HP (zones 4 to 8),12 inches,E M O,http://companionplants.com/catalog/images/thumbs/7-19-12%20005.jpg
7,Allium schoenoprasum, $4.85 ,Potted Plants,PS-FS,HP (zones 3 to 9),12 inches,C E O,http://companionplants.com/catalog/images/thumbs/6-25-09%20036.jpg
8,Allium senescens var 'glaucum', $5.00 ,Potted Plants,FS,HP (zones 3 to 9),6 inches,C O,http://companionplants.com/catalog/images/Photo_Unavail.jpg
9,Allium tuberosum, $4.85 ,Potted Plants,FS,HP (zones 4 to 8),2 feet,C M O,http://companionplants.com/catalog/images/thumbs/08-20-14%20002.JPG
10,Aloe barbadensis, $5.00 ,Potted Plants,sh-PS,TP,12 inches,L M,http://companionplants.com/catalog/images/thumbs/Aloe%20vera.jpg
11,Aloysia triphylla, $5.00 ,Potted Plants,FS,TP (zones 8 to 11),10 feet,A C M R,http://companionplants.com/catalog/images/thumbs/7-19-12%20007.jpg
12,Alpinia galanga, $12.00 ,Potted Plants,PS-FS,TP,5 feet,A C M,http://companionplants.com/catalog/images/thumbs/Alpinia%20galanga.jpg
13,Althea officinalis, $5.00 ,Potted Plants,PS-FS,HP (zones 3 to 9),4 feet,H M,http://companionplants.com/catalog/images/thumbs/Althea%20officinalis.jpg
14,Agastache foeniculum, $5.00 ,Potted Plants,PS-FS,HP (zones 4 to 10),3 feet,C H M N O,http://companionplants.com/catalog/images/thumbs/7-21-12%20025.jpg
15,Agastache nepetoides, $5.00 ,Potted Plants,PS-FS,HP (zones 2 to 8),6 feet,H M N O,http://companionplants.com/catalog/images/thumbs/Agastache%20nepetoides.jpg
16,Agrimonia eupatoria, $5.00 ,Potted Plants,PS-FS,HP (zones 5 to 8),3 feet,D M O,http://companionplants.com/catalog/images/thumbs/July%2014%202012%20017.jpg
17,Allium schoenoprasum, $3.50 ,Seeds,PS-FS,HP (zones 3 to 9),12 inch,C E O,http://companionplants.com/catalog/images/thumbs/Chives.jpg
18,Allium tuberosum, $3.50 ,Seeds,FS,HP (in USDA Zones 4 to 8),2 feet,C M O,http://companionplants.com/catalog/images/Photo_Unavail.jpg
19,Althea officinalis, $3.50 ,Seeds,PS-FS,HP (in USDA Zones 3 to 9),4 feet,H M,http://companionplants.com/catalog/images/thumbs/Althea%20officinalis%202.jpg
20,Amaranthus cruentus x A powellii seeds, $3.50 ,Seeds,FS,A,4 feet,C D M O,http://companionplants.com/catalog/images/thumbs/7-15-09%20011.jpg
21,Amaranthus hypchondriacus seeds, $3.50 ,Seeds,FS,A,6 feet,C D M,http://companionplants.com/catalog/images/Photo_Unavail.jpg
22,Amaranthus retroflexus seeds, $3.50 ,Seeds,FS,A,6 feet,C M,http://companionplants.com/catalog/images/Photo_Unavail.jpg
23,Ammi visnaga seeds, $3.50 ,Seeds,FS,HP-B (in USDA Zones 5 to 9),2 feet,M O,http://companionplants.com/catalog/images/thumbs/Ammi%20visnaga.jpg
24,Angelica archangelica Seed, $3.50 ,Seeds,PS,B (in USDA Zones 4 to 9),5 feet,A C M O,http://companionplants.com/catalog/images/Photo_Unavail.jpg
25,Angelica gigas, $5.00 ,Potted Plants,PS-FS,B (zones 4 to 9),4 feet,A C M O,http://companionplants.com/catalog/images/thumbs/08-20-14%20004.JPG
26,Anethum graveolens Seed, $3.50 ,Seeds,FS,A,3 feet,C M,http://companionplants.com/catalog/images/Photo_Unavail.jpg
27,Caulophyllum thalictroides,"$4.00
1+  $4.00
2+  $3.00
7+  $2.00
50+  $1.75",Dormant/Bareroot Plant,sh - PS,HP (in USDA Zones 3 to 8),30 inches,M N O,http://companionplants.com/catalog/images/thumbs/Blue%20Cohosh.jpg
28,Geranium maculatum,"$4.00
2+  $3.00
7+  $2.00
50+  $1.75",Dormant/Bareroot Plant,PS-FS,HP (in USDA Zones 4 to 9),2 feet,M N O,http://companionplants.com/catalog/images/Photo_Unavail.jpg
29,Hydrastis canadensis,"$4.00
2+  $3.00
7+  $2.00
50+  $1.75",Dormant/Bareroot Plant,sh,HP (in USDA Zones 3 to 8),12 inches,D M N,http://companionplants.com/catalog/images/thumbs/Goldenseal.jpg
30,Panax quinquefolium seed, $3.50 ,Seeds,sh,HP (in USDA Zones 3 to 7),12 inches,M,http://companionplants.com/catalog/images/thumbs/Panax%20quinqiefolium.jpg
31,Podophyllum peltatum,"$4.00
2+  $3.00
7+  $2.00
50+  $1.75",Dormant/Bareroot Plant,sh-PS,HP (in USDA Zones 4 to 9),18 inches,M N O,http://companionplants.com/catalog/images/Photo_Unavail.jpg
32,Polygonatum biflorum,"$4.00
2+  $3.00
7+  $2.00
50+  $1.75",Dormant/Bareroot Plant,sh-PS,HP (in USDA Zones 3 to 9),2 feet,M N O,http://companionplants.com/catalog/images/Photo_Unavail.jpg
33,Sanguinaria canadensis,"$4.00
2+  $3.00
7+  $2.00
50+  $1.75",Dormant/Bareroot Plant,sh-PS,HP (in USDA Zones 3 to 9),10 inches,D M N O,http://companionplants.com/catalog/images/Photo_Unavail.jpg
34,Asarum canadensis,"$4.00
1+  $4.00
2+  $3.00
7+  $2.00
50+  $1.75",Dormant/Bareroot Plant,sh-PS,HP (in USDA Zones 2 to 8),6 inches,A C M N O,http://companionplants.com/catalog/images/Photo_Unavail.jpg
35,Arisaema triphyllum,"$4.00
1+  $4.00
2+  $3.00
7+  $2.00
50+  $1.75",Dormant/Bareroot Plant,sh,HP (in USDA Zones 4 to 9),2 feet,M N O,http://companionplants.com/catalog/images/thumbs/may%2029%202013%20007.jpg
36,Anthemis tinctoria, $4.85 ,Potted Plants,PS-FS,HP (zones 3 to 7),2 feet,D O,http://companionplants.com/catalog/images/thumbs/06-28-15%20002.JPG
37,Arcticum lappa Seed, $3.50 ,Seeds,PS-FS,B,6 FEET,B C M,http://companionplants.com/catalog/images/thumbs/Arcticum%20lappa.jpg
38,Arctostaphylos uvaursi, $8.00 ,Potted Plants,PS-FS,HP (zones 2 to 6),8 INCHES,M N O,http://companionplants.com/catalog/images/thumbs/7-19-09%20039.jpg
39,Arisaema triphyllum, $5.00 ,Potted Plants,sh,HP (zones 4 to 9),2 FEET,M N O,http://companionplants.com/catalog/images/thumbs/may%2029%202013%20007.jpg
40,Armoracia rusticana, $5.00 ,Potted Plants,FS,HP (zones 4 to 8),4 feet,C D M,http://companionplants.com/catalog/images/thumbs/7-19-12%20001.jpg
41,Arnica chamissonis, $5.00 ,Potted Plants,FS,HP (zones 3 to 9),2 feet,M O,http://companionplants.com/catalog/images/thumbs/6-14-09%20006.jpg
42,Artemisia abrotanum, $5.00 ,Potted Plants,FS,HP (zones 5 to 8),3 feet,A D M O R,http://companionplants.com/catalog/images/thumbs/7-15-09%20013.jpg
43,Artemisia abrotanum var, $5.00 ,Potted Plants,FS,HP (zones 5 to 8),6 feet,A O R,http://companionplants.com/catalog/images/thumbs/7-15-09%20014.jpg
44,Artemisia absinthum, $6.00 ,Potted Plants,PS-FS,HP (zones 4 to 8),4 feet,A B L M O R,http://companionplants.com/catalog/images/thumbs/Artemisia%20absinthum.jpg
45,Artemisia afra, $6.00 ,Potted Plants,FS,HP,4 feet,A M O R,http://companionplants.com/catalog/images/thumbs/7-19-09%20057.jpg
46,Artemisia ludoviciana, $5.00 ,Potted Plants,FS,HP (zones 3 to 9),4 feet,A E M N O R,http://companionplants.com/catalog/images/thumbs/7-19-12%20016.jpg
47,Artemisia vulgaris, $5.25 ,Potted Plants,PS,HP (zones 4 to 9),5 feet,L M,http://companionplants.com/catalog/images/thumbs/7-15-09%20008.jpg
48,Banisteriopsis caapi, $32.00 ,Potted Plants,PS-FS,TP,to 30 feet,L M,http://companionplants.com/catalog/images/thumbs/Banisteriopsis%20caapi.jpg
49,Calamintha officinalis Seed, $3.50 ,Seeds,PS-FS,HP(zones 5-9),18 INCHES,A C H M O,http://companionplants.com/catalog/images/thumbs/Calamintha%20sp..jpg
50,Calamintha sp Seed, $3.50 ,Seeds,PS-FS,HP,2 FEET,A C H M O,http://companionplants.com/catalog/images/thumbs/Calamintha%20sp..jpg
51,Calendula officinalis, $4.85 ,Potted Plants,PS-FS,A - HP,12 inches,C D H M O,http://companionplants.com/catalog/images/thumbs/7-19-09%20025.jpg
52,Campsis radicans, $5.00 ,Potted Plants,FS,HP (zones 5 to 9),to 20 feet,M N O,http://companionplants.com/catalog/images/Campsis%20radicans.jpg
53,Cassia hebecarpa Seed, $3.50 ,Seeds,FS,HP (zones 5-9),6 FEET,M N O,http://companionplants.com/catalog/images/thumbs/Cassia%20hebecarpa.jpg
54,Ceanothus americanus, $5.75 ,Potted Plants,FS,HP (zones 4 to 8),to 4 feet,B D M N O,http://companionplants.com/catalog/images/thumbs/Ceanothus%20americanus.jpg
55,Cedronella triphyllasyn canariensis, $5.75 ,Potted Plants,FS,TP,2 feet,A B C M,http://companionplants.com/catalog/images/thumbs/7-20-12%20010.jpg
56,Chasmanthium latifolium Seed, $3.50 ,Seeds,PS-FS,HP (zones 3-9),3 FEET,E N O,http://companionplants.com/catalog/images/thumbs/Chasmanthium%20latifolium.jpg
57,Chrysanthemum cinerariaefolium, $5.25 ,Potted Plants,FS,HP (zones 5 to 9),18 inches,M O R,http://companionplants.com/catalog/images/thumbs/6-25-09%20001.jpg
58,Chrysanthemum morifolium, $5.25 ,Potted Plants,PS-FS,HP (zones 5 - 9),3 feet,A M O,http://companionplants.com/catalog/images/thumbs/Chrysanthemum%20morifolium%20001.JPG
59,Chrysanthemum parthenium Seed, $3.50 ,Seeds,PS-FS,HP (zones 4-9),18 INCHES,M O R,http://companionplants.com/catalog/images/thumbs/Chrysanthemum%20parthenium.jpg
60,Cimicifuga racemosa, $5.00 ,Potted Plants,sh-PS,HP (zones 3 to 8),3 feet to 8 feet,M N O R,http://companionplants.com/catalog/images/thumbs/7-09-09%20008.jpg
61,Cinnamomum camphora, $6.00 ,Potted Plants,FS,TP,to 100 feet,A M O R,http://companionplants.com/catalog/images/thumbs/Cinnamomum%20camphora.JPG
62,Clinopodium vulgare Seed, $3.50 ,Seeds,PS-FS,HP (to zone 4),20 INCHES,C H M O,http://companionplants.com/catalog/images/Photo_Unavail.jpg
63,Codonopsis pilosula Seed, $3.50 ,Seeds,PS,HP,VINE,M O,http://companionplants.com/catalog/images/Photo_Unavail.jpg
64,Coffea arabica, $5.25 ,Potted Plants,PS-FS,TP,to 15 feet,C L O,http://companionplants.com/catalog/images/thumbs/7-19-09%20034.jpg
65,Coleus amboinicus var, $5.00 ,Potted Plants,PS-FS,TP,2 feet,A C M O,http://companionplants.com/catalog/images/plants%20039.jpg
66,Coleus sp, $5.00 ,Potted Plants,PS-FS,TP,2 feet,A C M O,http://companionplants.com/catalog/images/plants%20038.jpg
67,Conium maculatum, $6.00 ,Potted Plants,PS-FS,B (zones 3 to 9),to 10 feet,M,http://companionplants.com/catalog/images/thumbs/6-25-09%20046.jpg
68,Convallaria majalis, $5.00 ,Potted Plants,sh-PS,HP (zones 2 to 7,9 inches,A D M O,http://companionplants.com/catalog/images/Photo_Unavail.jpg
69,Crocus sativus, $6.00 ,Potted Plants,FS,HP (zones 5 to 8),6 inches,C D M O,http://companionplants.com/catalog/images/Photo_Unavail.jpg
70,Cunila origanoides, $5.00 ,Potted Plants,PS-FS,HP (zones 4 to 8),18 inches,A C M N O,http://companionplants.com/catalog/images/thumbs/Cunila%20origanoides.JPG
71,Curcuma domestica, $7.00 ,Potted Plants,PS,TP,to 5 feet,A C D M O,http://companionplants.com/catalog/images/thumbs/7-09-09%20016.jpg
72,Curcuma domestica, $7.00 ,Potted Plants,PS-FS,TP,to 5 feet,A C M O,http://companionplants.com/catalog/images/Photo_Unavail.jpg
73,Cymbopogan citratus, $5.25 ,Potted Plants,FS,TP,5 feet,A C M,http://companionplants.com/catalog/images/thumbs/7-19-09%20013.jpg
74,Cymbopogan marinii motia, $8.00 ,Potted Plants,FS,TP,6 feet,A M O R,http://companionplants.com/catalog/images/thumbs/7-19-09%20032.jpg
75,Cynara cardunculus Seed, $3.50 ,Seeds,FS,B (zones 7-9),4 FEET,D E M O,http://companionplants.com/catalog/images/thumbs/Cynara%20cardunculus%202.jpg
76,Datura inoxia, $5.00 ,Potted Plants,FS,A-TP,3 feet,L M O,http://companionplants.com/catalog/images/thumbs/plants%202%20010.jpg
77,Digitalis purpurea Seed, $3.50 ,Seeds,PS-FS,B (zones 4-8),4 FEET,L M O,http://companionplants.com/catalog/images/Photo_Unavail.jpg
78,Dioscorea batatas, $5.00 ,Potted Plants,PS-FS,HP (at least to zone 5),vine to 20 feet,C M O,http://companionplants.com/catalog/images/thumbs/7-09-09%20011.jpg
79,Dioscorea villosa, $6.00 ,Potted Plants,PS,HP (zones 4 to 7),to 20 feet,M N,http://companionplants.com/catalog/images/thumbs/may%2029%202013%20006.jpg
80,Dipsacus sativus 'Fullonum', $5.00 ,Potted Plants,FS,B (zones 5 to 8),6 feet,B E M O,http://companionplants.com/catalog/images/thumbs/6-14-09%20023.jpg
81,Echinacea angustifolia Seed, $3.50 ,Seeds,FS,HP (zones 4-9),18 INCHES,E M N O,http://companionplants.com/catalog/images/Photo_Unavail.jpg
82,Echinacea pallida, $5.00 ,Potted Plants,FS,HP (zones 4 to 8),3 feet,B E M N O,http://companionplants.com/catalog/images/thumbs/Echinacea%20pallida.jpg
83,Elettaria cardamomum, $6.50 ,Potted Plants,PS-FS,TP,2 feet,C M,http://companionplants.com/catalog/images/thumbs/7-19-12%20013.jpg
84,Ephedra sinica, $15.00 ,Potted Plants,FS,HP (to zone 5),5 feet,M,http://companionplants.com/catalog/images/thumbs/July%2014%202012%20013.jpg
85,Equisetum arvensis, $5.00 ,Potted Plants,PS-FS,HP (zones 3 to 11),10 inches,C M O,http://companionplants.com/catalog/images/thumbs/7-19-09%20043.jpg
86,Equisetum hyemale, $5.00 ,Potted Plants,PS-FS,HP (zones 3 to 11),3 feet,M O,http://companionplants.com/catalog/images/thumbs/07-30-14%20020.JPG
87,Eryngium foetidum Seed, $3.50 ,Seeds,PS-FS,TP (hardy to zone 7),8 INCHES,A C M,http://companionplants.com/catalog/images/thumbs/Eryngium%20foetidum.jpg
88,Eucalyptus citriodora, $5.25 ,Potted Plants,PS-FS,TP (zones 9 to 10),to 60 feet,A M O R,http://companionplants.com/catalog/images/thumbs/7-19-12%20042.jpg
89,Eucalyptus globulus, $5.25 ,Potted Plants,PS-FS,TP (zones 9 to 10),to 100 feet,A M O,http://companionplants.com/catalog/images/thumbs/7-19-09%20030.jpg
90,Eupatorium perfoliatum Seed, $3.50 ,Seeds,PS-FS,HP (zones 3-9),5 FEET,M N O,http://companionplants.com/catalog/images/thumbs/Eupatorium%20perfoliatum%20-%20Boneset.jpg
91,Eupatorium purpureum Seed, $3.50 ,Seeds,PS-FS,HP (zones 3-9),10 FEET,M N O,http://companionplants.com/catalog/images/Photo_Unavail.jpg
92,Euphorbia cyparissias, $4.85 ,Potted Plants,FS,HP (zones 4 to 9),12 inches,D O,http://companionplants.com/catalog/images/thumbs/Euphorbia%20cyparissias.jpg
93,Euphorbia lathyrus Seed, $3.50 ,Seeds,FS,B (zones 6-9),3 FEET,O R,http://companionplants.com/catalog/images/thumbs/Euphorbia%20lathyrus.jpg
94,Filipendula vulgaris, $5.00 ,Potted Plants,PS-FS,HP (zones 4 to 9),3 feet,M O,http://companionplants.com/catalog/images/thumbs/July%2014%202012%20005.jpg
95,Ginkgo biloba, $6.00 ,Potted Plants,FS,HP (zones 3 to 9),to 120 feet,M O,http://companionplants.com/catalog/images/thumbs/7-21-12%20017.jpg
96,Glechoma hederacea 'Variegata', $4.85 ,Potted Plants,sh-PS,HP (zones 4 to 9),2 inches,C M O,http://companionplants.com/catalog/images/thumbs/7-21-12%20017.jpg
97,Glechoma hederacea, $4.85 ,Potted Plants,PS-FS,HP (zones 4 to 9),2 inches,C M O,http://companionplants.com/catalog/images/thumbs/7-19-12%20014.jpg
98,Hierochloe odorata, $6.00 ,Potted Plants,FS - PS,HP (zones 4 to 9),18 inches,A L N,http://companionplants.com/catalog/images/thumbs/7-15-09%20018.jpg
99,Houttuynia cordata, $5.00 ,Potted Plants,SH-PS-FS,HP (zones 5 to 11),15 inches,C M O,http://companionplants.com/catalog/images/thumbs/7-19-12%20041.jpg
100,Humulus lupulus var 'Cascade', $6.50 ,Potted Plants,FS,HP (zones 4 to 8),to 30 feet,C H M O,http://companionplants.com/catalog/images/Photo_Unavail.jpg
101,Humulus lupulus var 'Willamette', $6.50 ,Potted Plants,FS,HP (zones 4 to 8),to 30 feet,C H M O,http://companionplants.com/catalog/images/Photo_Unavail.jpg
102,Hydrocotyle asiatica 'Major', $6.00 ,Potted Plants,PS,TP,6 inches,M,http://companionplants.com/catalog/images/thumbs/08-20-14%20006.JPG
103,Hyoscyamus niger Seed, $3.50 ,Seeds,PS-FS,A-B (zones 6-11),30 INCHES,L M O,http://companionplants.com/catalog/images/thumbs/Hyoscyamus%20niger.jpg
104,Hypericum perforatum, $5.00 ,Potted Plants,PS-FS,HP (zones 3 to 8),2 feet,L M,http://companionplants.com/catalog/images/thumbs/7-15-09%20016.jpg
105,Hyssopus officinalis Seed, $3.50 ,Seeds,FS,HP (zones 3-9),2 FEET,C H L M O,http://companionplants.com/catalog/images/plants%20054.jpg
106,Iboza riparia, $5.00 ,Potted Plants,PS-FS,TP,4 feet,A M O R,http://companionplants.com/catalog/images/thumbs/July%2014%202012%20026.jpg
107,Indigofera tinctoria Seed, $3.50 ,Seeds,FS,TP,5 FEET,D L M,http://companionplants.com/catalog/images/thumbs/Indigofera%20tinctoria.jpg
108,Inula helenium Seed, $3.50 ,Seeds,PS-FS,HP (zones 3-9),8 FEET,D M O,http://companionplants.com/catalog/images/thumbs/Inula%20helenium.jpg
109,Iris x germanica var florentina, $6.00 ,Potted Plants,FS,HP ( zones 4 to 10),3 feet,A C O,http://companionplants.com/catalog/images/thumbs/Orris%20Root.jpg
110,Isatis tinctoria Seed, $3.50 ,Seeds,FS,B (zones 3-8),4 FEET,D E L M O,http://companionplants.com/catalog/images/thumbs/Isatis%20tinctoria%202.jpg
111,Laurus nobilis, $12.00 ,Potted Plants,PS-FS,TP (zones 8 to 10),to 40 feet,C L O R,http://companionplants.com/catalog/images/thumbs/7-19-09%20052.jpg
112,Lavandula angustifolia 'Munsted', $5.00 ,Potted Plants,FS,HP (zones 5 to 8),"15""",A B H M O R,http://companionplants.com/catalog/images/thumbs/6-14-09%20022.jpg
113,Lavandula angustifolia, $5.00 ,Potted Plants,FS,HP (zones 5 to 8),2 feet,A B H M O R,http://companionplants.com/catalog/images/Photo_Unavail.jpg
114,Lavandula dentata 'Linda Ligon', $5.00 ,Potted Plants,FS,TP,3 feet,A M O,http://companionplants.com/catalog/images/thumbs/Linda%20Lignon%20Lavender.jpg
115,Lavandula dentata, $5.00 ,Potted Plants,FS,TP (zones 7 to 10),3 feet to 3 feet,A M O,http://companionplants.com/catalog/images/thumbs/7-19-12%20046.jpg
116,Lavandula stoechas, $5.00 ,Potted Plants,FS,TP (zones 7 to 10),2 feet,A M O,http://companionplants.com/catalog/images/thumbs/Lavandula%20stoechas.jpg
117,Lawsonia inermis, $10.50 ,Potted Plants,FS,TP,to 20 feet,A D M O,http://companionplants.com/catalog/images/thumbs/Lawsonia%20inermis.jpg
118,Leonurus cardiaca Seed, $3.50 ,Seeds,PS-FS,HP (zones 4-8),5 FEET,M O,http://companionplants.com/catalog/images/thumbs/Leonurus%20cardicans.jpg
119,Levisticum officinale Seed, $3.50 ,Seeds,FS,HP (zones 5-8),4 FEET,C M,http://companionplants.com/catalog/images/Photo_Unavail.jpg
120,Lippia graveolens, $5.50 ,Potted Plants,PS-FS,TP,7 feet,C,http://companionplants.com/catalog/images/thumbs/7-19-09%20011.jpg
121,Lobelia inflata, $5.00 ,Potted Plants,PS-FS,A,18 inches,M,http://companionplants.com/catalog/images/thumbs/7-15-09%20003.jpg
122,Lobelia syphilitica, $5.00 ,Potted Plants,PS-FS,HP (zones 3 to 9),3 feet,M O,http://companionplants.com/catalog/images/thumbs/Lobelia%20syphilitica.jpg
123,Lycopus virginicus, $5.00 ,Potted Plants,PS - FS,HP (zones 4 to 8),2 feet,M N,http://companionplants.com/catalog/images/thumbs/7-19-12%20024.jpg
124,Lysimachia nummilaria, $4.85 ,Potted Plants,PS-FS,HP (zones 4 to 8),2 inches,M O,http://companionplants.com/catalog/images/thumbs/oct%2019%202013%20002.jpg
125,Marrubium vulgare Seed, $3.50 ,Seeds,FS,HP (zones 3-8),18 INCHES,H M O,http://companionplants.com/catalog/images/Photo_Unavail.jpg
126,Melissa officinalis var, $5.00 ,Potted Plants,PS-FS,HP (zones 3 to 8),30 inches,A C H M O R,http://companionplants.com/catalog/images/thumbs/Melissa%20off.%20Golden.JPG
127,Melissa officinalis Seed, $3.50 ,Seeds,PS-FS,HP (zones 3-7,3 FEET,A C H M O R,http://companionplants.com/catalog/images/thumbs/Melissa%20officinalis.jpg
128,Mentha aquatica 'Citrata', $4.85 ,Potted Plants,PS-FS,HP (zones3 to 9),30 inches,A B C H M R,http://companionplants.com/catalog/images/thumbs/Melissa%20officinalis.jpg
129,Mentha aquatica var, $4.85 ,Potted Plants,PS-FS,HP (zones3 to 9),30 inches,A B C H M O R,http://companionplants.com/catalog/images/Photo_Unavail.jpg
130,Mentha arvensis 'Banana', $4.85 ,Potted Plants,PS-FS,HP (zones 3 to 9),12 inches,A B C H M R,http://companionplants.com/catalog/images/thumbs/7-19-09%20027.jpg
131,Mentha arvensis, $4.85 ,Potted Plants,PS-FS,HP (zones 3 to 9),2 feet,A C H M R,http://companionplants.com/catalog/images/thumbs/7-19-09%20028.jpg
132,Mentha citriodora x M arvensis, $4.85 ,Potted Plants,PS-FS,HP (zones 3 to 9),30 inches,A C H M O R,http://companionplants.com/catalog/images/thumbs/7-19-09%20028.jpg
133,Mentha haplocalyx, $4.85 ,Potted Plants,PS-FS,HP (zones 3 to 9),30 inches,A C H M R,http://companionplants.com/catalog/images/thumbs/Mentha%20haplocalyx.JPG
134,Mentha longifolia, $4.85 ,Potted Plants,PS-FS,HP (zones 3 to 9),30 inches,A C H M R,http://companionplants.com/catalog/images/thumbs/Mentha%20longifolia.JPG
135,Mentha nilaca, $4.85 ,Potted Plants,PS-FS,HP (zones 3 to 9),4 feet,A C H M R,http://companionplants.com/catalog/images/Photo_Unavail.jpg
136,Mentha piperata spicata, $4.85 ,Potted Plants,PS-FS,HP (zones 3 to 9),30 inches,A C H M R,http://companionplants.com/catalog/images/Photo_Unavail.jpg
137,Mentha x piperata var 'Blue Balsam', $4.85 ,Potted Plants,PS-FS,HP (zones 3 to 9),2 feet,A C H M R,http://companionplants.com/catalog/images/Photo_Unavail.jpg
138,Mentha x piperata var Candymint, $4.85 ,Potted Plants,PS-FS,HP (zones 3 to 9),30 inches,A C H M R,http://companionplants.com/catalog/images/Photo_Unavail.jpg
139,Mentha x piperata var 'Chocolate Mint', $4.85 ,Potted Plants,PS-FS,HP (zones 3 to 9),30 inches,A C H M R,http://companionplants.com/catalog/images/thumbs/7-21-12%20021.jpg
140,Mentha requienii, $4.85 ,Potted Plants,PS-FS,TP (zones 6 to 9),1/2 inch,A C H M R,http://companionplants.com/catalog/images/thumbs/Mentha%20requienii.JPG
141,Mentha spicata var, $4.85 ,Potted Plants,PS-FS,HP (zones 3 to 9),3 feet,A C H M R,http://companionplants.com/catalog/images/thumbs/Ky.%20Colonel%20Mint.jpg
142,Mentha spicata var, $5.00 ,Potted Plants,PS-FS,HP (zones 3 to 9),30 inches,A C H M R,http://companionplants.com/catalog/images/Photo_Unavail.jpg
143,Mentha spicata var, $4.85 ,Potted Plants,PS-FS,HP (zones 3 to 9),30 inches,A C H M R,http://companionplants.com/catalog/images/thumbs/Spiral%20Spearmint.jpg
144,Mentha spicata var, $4.85 ,Potted Plants,PS-FS,HP (zones 3 to 7),30 inches,A C H M R,http://companionplants.com/catalog/images/Photo_Unavail.jpg
145,Mentha suaveolens, $4.85 ,Potted Plants,PS-FS,HP (zones 3 to 9),30 inches,A C H M R,http://companionplants.com/catalog/images/Photo_Unavail.jpg
146,Mentha x M gentilis, $4.85 ,Potted Plants,PS-FS,HP (zones 6 to 9),30 inches,A C H M R,http://companionplants.com/catalog/images/thumbs/7-20-12%20013.jpg
147,Monarda didyma, $5.00 ,Potted Plants,PS-FS,HP (zones 4 to 9),3 feet,B C M N O,http://companionplants.com/catalog/images/thumbs/Monarda%20didyma.JPG
148,Monarda fistulosa Seed, $3.50 ,Seeds,PS-FS,HP (zones3-9),3 FEET,A B C H M N O,http://companionplants.com/catalog/images/thumbs/Monarda%20fistulosa.jpg
149,Monarda punctata Seed, $3.50 ,Seeds,FS,B - HP (zones 4-9),2 FEET,A B C H M N O,http://companionplants.com/catalog/images/thumbs/Monarda%20punctata.JPG
150,Murraya koenigii, $12.50 ,Potted Plants,PS-FS,TP,to 10 feet,A C M O,http://companionplants.com/catalog/images/thumbs/Murraya%20koenegii.jpg
151,Myrtus communis Seed, $3.50 ,Seeds,PS-FS,TP (zones 8-10),12 FEET,A C L M O,http://companionplants.com/catalog/images/thumbs/Myrtus%20communis.jpg
152,Nepeta cataria 'Citriodorata' Seed, $3.50 ,Seeds,PS-FS,HP (zones 3-9),3 FEET,A C H M R,http://companionplants.com/catalog/images/Photo_Unavail.jpg
153,Nepeta cataria Seed, $3.50 ,Seeds,PS-FS,HP (zones3-9),3 FEET,A C H M R,http://companionplants.com/catalog/images/thumbs/Nepeta%20cataria.jpg
154,Nepeta parnassica, $5.00 ,Potted Plants,PS-FS,HP,2 feet,A O R,http://companionplants.com/catalog/images/thumbs/July%2014%202012%20010.jpg
155,Nicotiana glauca Seed, $3.50 ,Seeds,FS,TP (to zone 10),10 FEET,M O,http://companionplants.com/catalog/images/thumbs/Nicotiana%20glauca%20-%20Tree%20Tobacco.jpg
156,Nicotiana rustica, $5.00 ,Potted Plants,FS,A,3 feet,L M O,http://companionplants.com/catalog/images/thumbs/7-09-09%20001.jpg
157,Ocimum basilicum 'Minimum' Seed, $3.50 ,Seeds,FS,A,10 INCHES,A C H M O R,http://companionplants.com/catalog/images/thumbs/7-09-09%20001.jpg
158,Ocimum basilicum var, $4.85 ,Potted Plants,FS,A,2 feet,A C O,http://companionplants.com/catalog/images/New%20Guinea%20Basil.jpg
159,Ocimum basilicum var, $5.00 ,Potted Plants,FS,TP,4 feet,A C O,http://companionplants.com/catalog/images/thumbs/Greek%20Columnar%20Basil.jpg
160,Ocimum gratissimum Seed, $3.50 ,Seeds,FS,TP,8 FEET,A C H M R,http://companionplants.com/catalog/images/thumbs/Ocimum%20gratissimum.jpg
161,Ocimum kilimanscharicum, $5.00 ,Potted Plants,FS,A,5 feet,A M O R,http://companionplants.com/catalog/images/thumbs/Camphor%20Basil.jpg
162,Ocimum sanctum purple Tulsi form Seed, $3.50 ,Seeds,FS,A,3 FEET,A C M O R,http://companionplants.com/catalog/images/thumbs/Camphor%20Basil.jpg
163,Ocimum sanctum Seed, $3.50 ,Seeds,FS,A,18 INCHES,A C H M O R,http://companionplants.com/catalog/images/thumbs/Camphor%20Basil.jpg
164,Ocimum selloi, $5.25 ,Potted Plants,PS-FS,TP,3 feet,C M O R,http://companionplants.com/catalog/images/thumbs/Green%20Pepper%20Basil.jpg
165,Ocimum viride Seed, $3.50 ,Seeds,FS,TP,4 FEET,A H M R,http://companionplants.com/catalog/images/thumbs/Ocimum%20viride.jpg
166,Oenothera biensis, $5.00 ,Potted Plants,FS,B (zones 4 to 8),6 feet,M O,http://companionplants.com/catalog/images/thumbs/aloe%20056.jpg
167,Origanum dictamnus, $6.00 ,Potted Plants,FS,TP (zones 8 to 10),8 inches,A C L M O,http://companionplants.com/catalog/images/thumbs/Origanum%20dictamnus.jpg
168,Origanum onites, $5.00 ,Potted Plants,PS-FS,TP (zones 6 to 10),18 inches,A C H O,http://companionplants.com/catalog/images/thumbs/Pot%20Marjoram.jpg
169,Origanum viride, $5.00 ,Potted Plants,FS,HP (zones 5 to 9),18 inches,A C,http://companionplants.com/catalog/images/thumbs/7-19-09%20026.jpg
170,Origanum vulgare 'Aureum', $5.00 ,Potted Plants,FS,HP (zones 4 to 10),8 inches,A H O,http://companionplants.com/catalog/images/thumbs/7-19-09%20026.jpg
171,Origanum vulgare Seed, $3.50 ,Seeds,FS,HP ( zones 5-9),18 INCHES,A C D E H M,http://companionplants.com/catalog/images/Photo_Unavail.jpg
172,Parthenium integrifolium Seed, $3.50 ,Seeds,FS,HP,3 FEET,B E H M O,http://companionplants.com/catalog/images/thumbs/Parthenium%20integrifolium.jpg
173,Passiflora incarnata, $8.00 ,Potted Plants,PS-FS,HP (zones 6 to 10),25 feet,B C M N O,http://companionplants.com/catalog/images/thumbs/plants%20046.jpg
174,Peganum harmala Seed, $3.50 ,Seeds,FS,HP (zones 6-10),5 FEET,D L M,http://companionplants.com/catalog/images/thumbs/Peganum%20harmala.jpg
175,Pelargonium 'Citrosum', $5.00 ,Potted Plants,PS-FS,TP,3 feet,A O R,http://companionplants.com/catalog/images/thumbs/7-19-12%20037.jpg
176,Pelargonium fragrans, $5.00 ,Potted Plants,PS-FS,TP,18 inches,A C O,http://companionplants.com/catalog/images/thumbs/Nutmeg%20Geranium.jpg
177,Pelargonium graveolens var, $5.00 ,Potted Plants,PS-FS,TP,3 feet,A C O,http://companionplants.com/catalog/images/thumbs/Old%20Fashion%20Rose%20Geranium.jpg
178,Pelargonium odoratissimum, $5.00 ,Potted Plants,PS-FS,TP,18 inches,A C O,http://companionplants.com/catalog/images/thumbs/7-19-12%20038.jpg
179,Perovskia atriplicifolia, $5.00 ,Potted Plants,FS,HP (zones 6 to 9),3 feet,A E M O,http://companionplants.com/catalog/images/thumbs/7-19-12%20031.jpg
180,Phalaris aquatica 'AQ1', $8.00 ,Potted Plants,PS-FS,HP,5 feet,L,http://companionplants.com/catalog/images/Photo_Unavail.jpg
181,Phytolacca americana Seed, $3.50 ,Seeds,PS-FS,HP (zones 3-9),8 FEET,D M N,http://companionplants.com/catalog/images/Photo_Unavail.jpg
182,Piper betel, $16.00 ,Potted Plants,PS-FS,TP,to 15 feet,M O,http://companionplants.com/catalog/images/thumbs/7-19-09%20033.jpg
183,Piper nigrum, $16.00 ,Potted Plants,PS-FS,TP,to 15 feet,A C M,http://companionplants.com/catalog/images/thumbs/Piper%20nigrum.jpg
184,Piper sarmentosum, $15.00 ,Potted Plants,PS-FS,TP,30 feet to 30 feet,C M,http://companionplants.com/catalog/images/thumbs/Piper%20sarmentosum.jpg
185,Pogostemon patchouli, $8.50 ,Potted Plants,PS,TP,4 feet,A M L R,http://companionplants.com/catalog/images/thumbs/Pogostemum%20patchouli.jpg
186,Poliomintha longiflora, $5.00 ,Potted Plants,PS-FS,TP,4 feet,A B C O,http://companionplants.com/catalog/images/thumbs/7-19-09%20023.jpg
187,Polygonatum biflorum, $5.00 ,Potted Plants,sh-PS,HP (zones 3 to 9),2 feet,M N O,http://companionplants.com/catalog/images/Photo_Unavail.jpg
188,Polygonum multiflorum, $5.25 ,Potted Plants,PS-FS,HP (zones 6 to 10),to 25 feet,M,http://companionplants.com/catalog/images/thumbs/7-20-12%20011.jpg
189,Poncirus trifoliata, $6.00 ,Potted Plants,PS-FS,TP-HP (zones 6 to 8),10 feet,A C M O,http://companionplants.com/catalog/images/Poncirus%20trifoliata.jpg
190,Poterium sanguisorba Seed, $3.50 ,Seeds,FS,HP (zones 4-8),18 INCHES,C M,http://companionplants.com/catalog/images/thumbs/Poterium%20sanguisorba.jpg
191,Prunella vulgaris, $5.00 ,Potted Plants,PS-FS,HP (zones 4 to 9),12 inches,M O,http://companionplants.com/catalog/images/thumbs/7-21-12%20002.jpg
192,Pyrethrum roseum Seed, $3.50 ,Seeds,FS,HP (zones 3-9),18 INCHES,O R,http://companionplants.com/catalog/images/thumbs/Pyrethrum%20roseum.jpg
193,Reseda luteola Seed, $3.50 ,Seeds,FS,B,6 FEET,D H O,http://companionplants.com/catalog/images/thumbs/Reseda%20luteola.JPG
194,Reseda odorata Seed, $3.50 ,Seeds,FS,A,2 Feet,A B M,http://companionplants.com/catalog/images/thumbs/Reseda%20odorata.jpg
195,Rivea corymbosa, $10.00 ,Potted Plants,PS-FS,TP,30 feet,L M O,http://companionplants.com/catalog/images/thumbs/Rivea%20corymbosa.jpg
196,Rosmarinus angustifolia, $5.00 ,Potted Plants,FS,TP,4 feet to 4 feet,A O,http://companionplants.com/catalog/images/thumbs/Pine-Scented%20Ros..jpg
197,Rosmarinus off 'Prostratus', $5.00 ,Potted Plants,FS,TP,2 feet,A C O,http://companionplants.com/catalog/images/thumbs/7-19-09%20014.jpg
198,Rosmarinus officinalis 'Arp', $5.25 ,Potted Plants,FS,TP-HP,4 feet,A C O,http://companionplants.com/catalog/images/Photo_Unavail.jpg
199,Rosmarinus officinalis 'Barbeque', $5.00 ,Potted Plants,FS,TP,4 feet,A C M,http://companionplants.com/catalog/images/thumbs/7-21-12%20012.jpg
200,Rosmarinus officinalis 'Gorizia', $5.00 ,Potted Plants,FS,TP,5 feet,A C O,http://companionplants.com/catalog/images/thumbs/07-30-14%20033.JPG
201,Rosmarinus officinalis 'Salem', $5.25 ,Potted Plants,FS,TP-HP,4 feet,A C O,http://companionplants.com/catalog/images/thumbs/7-21-12%20013.jpg
202,Rosmarinus officinalis, $5.00 ,Potted Plants,FS,TP (zones 7 to 10),5 feet,A C M O,http://companionplants.com/catalog/images/thumbs/Rosmarinus%20off..jpg
203,Rubia tinctoria, $5.00 ,Potted Plants,FS,HP (zones 5 to 9),12 inches,D,http://companionplants.com/catalog/images/thumbs/Madder.jpg
204,Rumex acetosa, $5.00 ,Potted Plants,PS-FS,HP (zones 4 to 9),18 inches,C M,http://companionplants.com/catalog/images/Photo_Unavail.jpg
205,Rumex acetosella, $5.00 ,Potted Plants,FS,HP (zones 4 to 9),12 inches,C M,http://companionplants.com/catalog/images/thumbs/7-21-12%20008.jpg
206,Rumex crispus Seed, $3.50 ,Seeds,PS-FS,B-HP,4 FEET,D M,http://companionplants.com/catalog/images/thumbs/Rumex%20crispus.jpg
207,Ruta graveolens, $5.00 ,Potted Plants,FS,HP (zones 5 to 9),2 feet,L M O R,http://companionplants.com/catalog/images/plants%20021.jpg
208,Salvia apiana Seed, $3.50 ,Seeds,FS,TP,3 to 6 FEET,A D H L M O,http://companionplants.com/catalog/images/plants%20043.jpg
209,Salvia coccinea Seed, $3.50 ,Seeds,FS,A-TP,2 FEET,B H M O,http://companionplants.com/catalog/images/thumbs/Salvia%20coccinea.jpg
210,Salvia officinalis 'Nana', $5.00 ,Potted Plants,FS,HP (zones 5 to 9),10 inches,A C M O,http://companionplants.com/catalog/images/thumbs/Salvia%20coccinea.jpg
211,Salvia officinalis 'Purpurea', $5.00 ,Potted Plants,FS,HP (zones 5 to 9),18 inches,A C O,http://companionplants.com/catalog/images/Photo_Unavail.jpg
212,Salvia officinalis 'TriColor', $5.00 ,Potted Plants,FS,TP (zones 6 to 9),2 feet,A C O,http://companionplants.com/catalog/images/Photo_Unavail.jpg
213,Salvia officinalis Seed, $3.50 ,Seeds,fs,HP (zones 5-9),2 FEET,A C H L M O,http://companionplants.com/catalog/images/Photo_Unavail.jpg
214,Salvia sclarea Seed, $3.50 ,Seeds,FS,B (zones 4-9),30 INCHES,A C M O,http://companionplants.com/catalog/images/thumbs/Salvia%20sclerea.jpg
215,Saxifraga stolonifera, $5.00 ,Potted Plants,PS,HP (zones 6 to 9),18 inches,C M O,http://companionplants.com/catalog/images/thumbs/Saxifraga%20stolonifera.jpg
216,Sceletium tortuosum, $8.75 ,Cacti/Succulents,PS-FS,TP,14 inches,L M O,http://companionplants.com/catalog/images/thumbs/3-13-11%20002.jpg
217,Scutellaria lateriflora, $5.00 ,Potted Plants,PS-FS,HP,3 feet,M N,http://companionplants.com/catalog/images/thumbs/7-09-09%20007.jpg
218,Silybum marianum Seed, $3.50 ,Seeds,PS-FS,A-B,6 FEET,C M O,http://companionplants.com/catalog/images/thumbs/Silybum%20marianum.jpg
219,Solanum mammosum, $5.00 ,Potted Plants,PS-FS,TP,4 feet,M O,http://companionplants.com/catalog/images/thumbs/7-19-12%20036.jpg
220,Solanum quitoense, $7.00 ,Potted Plants,PS-FS,TP,5 feet,C O,http://companionplants.com/catalog/images/thumbs/Solanum%20Quitonense%20-%20Naranjilla.jpg
221,Solidago odora, $6.00 ,Potted Plants,FS,HP (zones 4 to 9),5 feet,A C D M N O,http://companionplants.com/catalog/images/thumbs/Solidago%20odora%20-%20Sweet%20Goldenrod.jpg
222,Spilanthes acmella, $5.00 ,Potted Plants,PS-FS,TP,18 inches,C M O,http://companionplants.com/catalog/images/plants%20035.jpg
223,Stachys affinis, $5.00 ,Potted Plants,FS,HP,18 inches,C,http://companionplants.com/catalog/images/thumbs/7-09-09%20019.jpg
224,Stachys officinalis 'nana' seeds, $3.50 ,Seeds,PS-FS,HP zones 3 - 8),8 INCHES,M O,http://companionplants.com/catalog/images/thumbs/7-09-09%20019.jpg
225,Stachys officinalis seeds, $3.50 ,Seeds,PS-FS,HP (zones 4 to 8),2 FEET,D M O,http://companionplants.com/catalog/images/thumbs/6-14-09%20032.jpg
226,Symphytum off var, $5.00 ,Potted Plants,PS-FS,HP (zones 5 to 9),18 inches,C H M O,http://companionplants.com/catalog/images/thumbs/July%2014%202012%20009.jpg
227,Symphytum officinale, $5.50 ,Potted Plants,PS-FS,HP (zones 3 to 9),4 feet,C H M O,http://companionplants.com/catalog/images/thumbs/Symphytum%20officinalis.jpg
228,Tanacetum balsamita, $5.00 ,Potted Plants,FS,HP (zones 5 to 8),4 feet,A C M R,http://companionplants.com/catalog/images/Photo_Unavail.jpg
229,Tanacetum niveum seeds, $3.50 ,Seeds,FS,HP (zones 6-9),3 FEET,A O R,http://companionplants.com/catalog/images/thumbs/6-14-09%20008.jpg
230,Tanacetum vulgare 'Crispum', $5.00 ,Potted Plants,PS-FS,HP (zones 4 to 8),2 feet,A O R,http://companionplants.com/catalog/images/thumbs/Curled%20Tansy.jpg
231,Tanacetum vulgare, $5.00 ,Potted Plants,PS-FS,HP (zones 4 to 8),4 feet,A D E M O R,http://companionplants.com/catalog/images/Tanacetum%20vulgare.jpg
232,Teucrium chamaedrys, $5.00 ,Potted Plants,FS,HP (zones 5 to 10),18 inches,M O,http://companionplants.com/catalog/images/thumbs/Teucrium%20chamaedrys.jpg
233,Teucrium marum, $6.00 ,Potted Plants,FS,TP,10 inches,A M O,http://companionplants.com/catalog/images/thumbs/Teucrium%20marum.jpg
234,Thymus glabrescens, $4.85 ,Potted Plants,FS,HP (zones 5 to 9),4 inches,A O,http://companionplants.com/catalog/images/thumbs/7-21-12%20015.jpg
235,Thymus herbabarona, $4.85 ,Potted Plants,FS,HP (zones 5 to 9),4 inches,A B C H M O,http://companionplants.com/catalog/images/thumbs/6-22-14%20(9).JPG
236,Thymus praecox ssp arcticus 'Albus', $4.85 ,Potted Plants,FS,HP (zones 5 to 9),2 inches,B H O,http://companionplants.com/catalog/images/thumbs/6-22-14%20(13).JPG
237,Thymus pulegioides, $4.85 ,Potted Plants,FS,HP (zone 4 to 9),6 inches,A B C H M O,http://companionplants.com/catalog/images/thumbs/Thymus%20pulegioides.JPG
238,Thymus sp, $4.85 ,Potted Plants,FS,HP,14 inches,A C,http://companionplants.com/catalog/images/Photo_Unavail.jpg
239,Thymus sp, $4.85 ,Potted Plants,FS,HP (zones 5 to 9),3 inches,A B C H O,http://companionplants.com/catalog/images/thumbs/7-19-09%20004.jpg
240,Thymus vulgaris 'Narrowleaf French', $4.85 ,Potted Plants,FS,HP (zones 5 to 9),12 inches,A C M,http://companionplants.com/catalog/images/Photo_Unavail.jpg
241,Thymus vulgaris seeds, $3.50 ,Seeds,FS,HP (zones 5 to 9),14 INCHES,A C M,http://companionplants.com/catalog/images/Photo_Unavail.jpg
242,Thymus x citriodorus 'Aureus', $4.85 ,Potted Plants,FS,HP (zones 5 to 9),8 inches,A C O,http://companionplants.com/catalog/images/thumbs/Golden%20Lemon%20Thyme.JPG
243,Thymus x citriodorus, $4.85 ,Potted Plants,FS,HP (zones 5 to 9),12 inches,A C M O,http://companionplants.com/catalog/images/thumbs/7-20-12%20002.jpg
244,Tradescantia ohioensis, $5.00 ,Potted Plants,PS-FS,HP (zones 5 to 9),3 feet,D M N O,http://companionplants.com/catalog/images/thumbs/July%2014%202012%20024.jpg
245,Trichocereus pachanoi, $25.00 ,Cacti/Succulents,FS,TP (zones 8 to 12),to 18 feet,L O,http://companionplants.com/catalog/images/thumbs/7-19-09%20036.jpg
246,Trichocereus peruvianus, $20.00 ,Cacti/Succulents,FS,TP (zones 8 to 12),10 feet,L O,http://companionplants.com/catalog/images/thumbs/7-19-09%20038.jpg
247,Tulbaghia violacea 'Variegata', $5.00 ,Potted Plants,FS,TP,2 feet,A C M O R,http://companionplants.com/catalog/images/thumbs/7-19-09%20012.jpg
248,Tussilago farfara, $5.00 ,Potted Plants,FS,HP,12 inches,M O,http://companionplants.com/catalog/images/thumbs/Tussilago%20farfara.jpg
249,Typha latifolia, $6.00 ,Potted Plants,FS,HP (in USDA Zones 3 to 11),9 feet,C E N O,http://companionplants.com/catalog/images/Photo_Unavail.jpg
250,Valeriana officinalis, $5.50 ,Potted Plants,FS,HP (zones 4 to 9),5 feet,A M O,http://companionplants.com/catalog/images/thumbs/may%2029%202013%20004.jpg
251,Vanilla planifolia 'Fragrans', $20.00 ,Potted Plants,PS,TP,Vine to 30 feet,C O,http://companionplants.com/catalog/images/thumbs/aloe%20025.jpg
252,Verbascum blattaria seeds, $3.50 ,Seeds,FS,B (zones 4 to 9),4 FEET,M O R,http://companionplants.com/catalog/images/thumbs/Verbascum%20blattaria%202.jpg
253,Verbascum thapsus, $3.50 ,Seeds,PS-FS,B (zones 3 to 9),8 Feet,L M O,http://companionplants.com/catalog/images/thumbs/7-15-09%20004.jpg
254,Verbena hastata seed, $3.50 ,Seeds,PS-FS,HP (zones 3 to 9),5 FEET,B M N O,http://companionplants.com/catalog/images/thumbs/Verbena%20hastata.jpg
255,Verbena officinalis seeds, $3.50 ,Seeds,PS-FS,HP (zones 4 to 9),2 FEET,L M,http://companionplants.com/catalog/images/thumbs/Verbena%20officinalis.jpg
256,Vernonia noveboracensis, $5.00 ,Potted Plants,PS-FS,HP (zones 5 to 9),6 FEET,B M N O,http://companionplants.com/catalog/images/Photo_Unavail.jpg
257,Veronicastrum virginicum, $5.00 ,Potted Plants,FS,HP (zones 3 to 8),6 FEET,M N O,http://companionplants.com/catalog/images/thumbs/Veronicastrum%20virginicum.jpg
258,Vetiveria zizanioides, $8.00 ,Potted Plants,PS-FS,TP (zones 8 to 10),8 FEET,A C M O R,http://companionplants.com/catalog/images/thumbs/Vetiveria%20zizanioides.jpg
259,Vitex agnuschastus seed, $3.50 ,Seeds,FS,HP (zones 6 to 9),10 FEET,A H M O,http://companionplants.com/catalog/images/thumbs/Vitex%20agnus-chastus.jpg
260,Withania somnifera, $5.25 ,Potted Plants,FS,TP,7 FEET,D M O,http://companionplants.com/catalog/images/Photo_Unavail.jpg
261,Zingiber officinale, $6.00 ,Potted Plants,PS,TP,3 feet,C M O,http://companionplants.com/catalog/images/thumbs/07-30-14%20023.JPG
262,Atropa belladonna Seed, $3.50 ,Seeds,PS-FS,HP,3 FEET,L M O,http://companionplants.com/catalog/images/thumbs/Atropa%20belladonna.jpg
263,Belamcanda chinensis Seed, $3.50 ,Seeds,FS,HP (zones 5-9),30 INCHES,M O,http://companionplants.com/catalog/images/thumbs/Belamcanda%20chinensis.jpg
264,Lobelia cardinalis Seed, $3.50 ,Seeds,PS-FS,HP (zones 3-9),4 FEET,B M N O,http://companionplants.com/catalog/images/thumbs/Lobelia%20cardinalis.jpg
265,Lobelia syphilitica, $3.50 ,Seeds,PS-FS,HP (zones 3-9),3 FEET,B M N O,http://companionplants.com/catalog/images/thumbs/Lobelia%20syphilitica.jpg
266,Polygonum tinctorium Seed, $3.50 ,Seeds,PS-FS,A,3 FEET,D M,http://companionplants.com/catalog/images/thumbs/Polygonum%20tinctorium.jpg
267,Vernonia noveboracensis seed, $3.50 ,Seeds,PS-FS,HP (zones 5-10),6 FEET,B M N O,http://companionplants.com/catalog/images/Photo_Unavail.jpg
268,Argyreia nervosa Seed, $3.50 ,Seeds,PS-FS,TP,30 FEET,L M O,http://companionplants.com/catalog/images/thumbs/Argyreia%20nervosa.jpg
269,Borago officinalis Seed, $3.50 ,Seeds,FS,A,3 FEET,B C H M O,http://companionplants.com/catalog/images/Photo_Unavail.jpg
270,Calendula officinalis Seed, $3.50 ,Seeds,PS-FS,A,12 INCHES,C D H M O,http://companionplants.com/catalog/images/thumbs/Calendula.jpg
271,Carthamus tinctorius Seed, $3.50 ,Seeds,FS,A,3 FEET,C D M O,http://companionplants.com/catalog/images/Photo_Unavail.jpg
272,Carum carvi Seed, $3.50 ,Seeds,FS,B (zones 3-9),2 FEET,C M,http://companionplants.com/catalog/images/Photo_Unavail.jpg
273,Chelidonium majus Seed, $3.50 ,Seeds,PS-FS,HP (zones 5-9),2 FEET,D M O,http://companionplants.com/catalog/images/thumbs/Chelidonium%20majus.jpg
274,Chenopodium botrys Seed, $3.50 ,Seeds,FS,A,2 FEET,A E M O,http://companionplants.com/catalog/images/thumbs/Chenopodium%20botrys.JPG
275,Cichorium intybus Seed, $3.50 ,Seeds,FS,B (zones 4-8),4 FEET,C M O,http://companionplants.com/catalog/images/Photo_Unavail.jpg
276,Coriandrum sativum Seed, $3.50 ,Seeds,PS-FS,A,2 FEET,A C M,http://companionplants.com/catalog/images/Photo_Unavail.jpg
277,Daucus carota Seed, $3.50 ,Seeds,FS,B,3 FEET,C M O,http://companionplants.com/catalog/images/Daucus%20carota.jpg
278,Desmanthus illinoensis Seed, $3.50 ,Seeds,PS-FS,HP,4 FEET,M N O,http://companionplants.com/catalog/images/thumbs/Desmanthus%20illinoiensis.jpg
279,Digitalis lanata Seed, $3.50 ,Seeds,PS-FS,b-hp (zones 4-9),30 INCHES,M O,http://companionplants.com/catalog/images/thumbs/Digitalis%20lanata.jpg
280,Dioscorea batatas, $3.50 ,Seeds,PS-FS,HP,20 FEET,C M O,http://companionplants.com/catalog/images/thumbs/Dioscorea%20batatas.jpg
281,Dipsacus sylvestris Seed, $3.50 ,Seeds,FS,B (zones 5-8),6 FEET,E M O,http://companionplants.com/catalog/images/Photo_Unavail.jpg
282,Echinacea purpurea Seed, $3.50 ,Seeds,FS,HP (zones 3-9),3 FEET,B E M N O,http://companionplants.com/catalog/images/thumbs/Echinacea%20purpurea.jpg
283,Ephedra nevadensis Seed, $3.50 ,Seeds,FS,HP (to zone 5),4 FEET,M,http://companionplants.com/catalog/images/Photo_Unavail.jpg
284,Eruca vesicaria or sativa Seed, $3.50 ,Seeds,FS,A,3 FEET,C M,http://companionplants.com/catalog/images/Photo_Unavail.jpg
285,Glycyrrhiza glabra Seed, $3.50 ,Seeds,FS,HP (zones 7-10,4 feet,C M,http://companionplants.com/catalog/images/thumbs/7-19-09%20044.jpg
286,Hypericum perforatum Seed, $3.50 ,Seeds,PS-FS,HP (zones 3-9),2 FEET,L M O,http://companionplants.com/catalog/images/thumbs/7-19-09%20002.jpg
287,Ipomea tricolor Seed, $3.50 ,Seeds,FS,A,20 FEET,L O,http://companionplants.com/catalog/images/Photo_Unavail.jpg
288,Lavandula angustifolia 'Munsted', $3.50 ,Seeds,FS,HP (zones 5-8),12 INCHES,A M O R,http://companionplants.com/catalog/images/Photo_Unavail.jpg
289,Lavandula angustifolia Seed, $3.50 ,Seeds,FS,HP (zones 5-8(,2 FEET,A M O R,http://companionplants.com/catalog/images/Photo_Unavail.jpg
290,Luffa aegyptiata Seed, $3.50 ,Seeds,FS,A,30 FEET,C,http://companionplants.com/catalog/images/Photo_Unavail.jpg
291,Lychnis coronaria Seed, $3.50 ,Seeds,FS,B (zones 4-8),3 FEET,M O,http://companionplants.com/catalog/images/thumbs/Lychnis%20coronaria.jpg
292,Matricaria chamomila Seed, $3.50 ,Seeds,FS,A,16 INCHES,A C M O,http://companionplants.com/catalog/images/thumbs/Matricaria%20chamomila.jpg
293,Monarda citriodora Seed, $3.50 ,Seeds,FS,A - B,3 FEET,A B C H N O R,http://companionplants.com/catalog/images/Monarda%20citriodora.jpg
294,Nicotiana rustica, $3.50 ,Seeds,FS,A,3 FEET,L M O R,http://companionplants.com/catalog/images/thumbs/Nicotiana%20rustica.jpg
295,Nicotiana tabacum Seed, $3.50 ,Seeds,FS,A,5 FEET,M O R,http://companionplants.com/catalog/images/thumbs/Nicotiana%20rustica.jpg
296,Ocimum americanum Seed, $3.50 ,Seeds,FS,A,30 INCHES,A C H M R,http://companionplants.com/catalog/images/Photo_Unavail.jpg
297,Ocimum basilicum 'Citriodorum' Seed, $3.50 ,Seeds,FS,A,2 FEET,A C H M O R,http://companionplants.com/catalog/images/Photo_Unavail.jpg
298,Ocimum basilicum 'Fino Verde' Seed, $3.50 ,Seeds,FS,A,30 INCHES,A C H M O R,http://companionplants.com/catalog/images/Fino%20Verde%20Basil.jpg
299,Ocimum basilicum var, $3.50 ,Seeds,FS,A,2 FEET,A C H M O R,http://companionplants.com/catalog/images/New%20Guinea%20Basil.jpg
300,Ocimum sp Seed, $3.50 ,Seeds,FS,A,3 FEET,A C H M O R,http://companionplants.com/catalog/images/Photo_Unavail.jpg
301,Oenothera biensis, $3.50 ,Seeds,FS - PS,B,6 FEET,M O,http://companionplants.com/catalog/images/thumbs/Oenothera%20biensis.jpg
302,Onopordon acanthium Seed, $3.50 ,Seeds,FS,A-B (zones 6-9),6 FEET,C M O,http://companionplants.com/catalog/images/thumbs/Onopordon%20acanthium.jpg
303,Origanum heracleoticum Seed, $3.50 ,Seeds,FS,HP (zones 5-9),18 INCHES,A C H M,http://companionplants.com/catalog/images/thumbs/Origanum%20heracleoticum%202.jpg
304,Origanum majorana Seed, $3.50 ,Seeds,FS,TP (zones 6-9),12 INCHES,A C M,http://companionplants.com/catalog/images/thumbs/Origanum%20marjorana.jpg
305,Petroselinum crispum Seed, $3.50 ,Seeds,PS-FS,B (zones 5-9),10 INCHES,C M O,http://companionplants.com/catalog/images/Photo_Unavail.jpg
306,Pimpinella anisum Seed, $3.50 ,Seeds,FS,A,2 FEET,A C M,http://companionplants.com/catalog/images/Photo_Unavail.jpg
307,Prunella vulgaris, $3.50 ,Seeds,PS-FS,HP (zones 4-9),12 INCHES,M O,http://companionplants.com/catalog/images/thumbs/Prunella%20vulgaris.jpg
308,Ricinus communis sp Seed, $3.50 ,Seeds,FS,A,10 FEET,D M O R,http://companionplants.com/catalog/images/thumbs/Purple%20New%20Zealand%20Castor%20Bean.jpg
309,Salvia tiliaefolia Seed, $3.50 ,Seeds,FS,A,6 FEET,C M O,http://companionplants.com/catalog/images/thumbs/Salvia%20tiliaefoliaa.jpg
310,Sorghum vulgare var Seed, $3.50 ,Seeds,FS,A,10 FEET,O,http://companionplants.com/catalog/images/Photo_Unavail.jpg
311,Taraxacum officinale Seed, $3.50 ,Seeds,PS-FS,B,12 INCHES,C M,http://companionplants.com/catalog/images/Photo_Unavail.jpg
312,Impatiens pallida Seed, $3.50 ,Seeds,PS,A,5 FEET,M O,http://companionplants.com/catalog/images/thumbs/Impatiens%20capensis.JPG
313,Perilla frutescens var Seed, $3.50 ,Seeds,FS,A,4 FEET,A C H M O,http://companionplants.com/catalog/images/Photo_Unavail.jpg
314,Proboscidea sp Seed, $3.50 ,Seeds,FS,A,3 FEET,C D E O,http://companionplants.com/catalog/images/thumbs/Proboscidea%20sp.%20-%20Short%20Unicorn%20Plant.jpg
315,Salvia hispanica Seed, $3.50 ,Seeds,FS,TP (zones 5-9),6 FEET,C H M,http://companionplants.com/catalog/images/thumbs/Salvia%20hispanica.JPG
316,Sorghum vulgare Seed, $3.50 ,Seeds,FS,A,10 FEET,C,http://companionplants.com/catalog/images/Photo_Unavail.jpg
317,Cimicifuga racemosa,"$4.00
2+  $3.00
7+  $2.00
50+  $1.75",Dormant/Bareroot Plant,sh-PS,HP (in USDA Zones 3 to 8),3 feet,M N O R,http://companionplants.com/catalog/images/Photo_Unavail.jpg
318,Convallaria majalis,"$4.00
2+  $3.00
7+  $2.00
50+  $1.75",Dormant/Bareroot Plant,sh-PS,HP,9 inches,A D M O,http://companionplants.com/catalog/images/Photo_Unavail.jpg
319,Angelica polymorpha, $5.00 ,Potted Plants,PS-FS,HP,5 feet,A C M O,http://companionplants.com/catalog/images/Photo_Unavail.jpg
320,Anthemis nobilis, $4.85 ,Potted Plants,FS,HP (zones 6 to 9),4 inches,A M O,http://companionplants.com/catalog/images/thumbs/Anthemis%20nobilis.JPG
321,Argyriea nervosa, $12.00 ,Potted Plants,PS,TP,to 30 FEET,L M O,http://companionplants.com/catalog/images/thumbs/Argyreia%20nervosa.jpg
322,Artemisia annua, $4.85 ,Potted Plants,FS,A,6 - 8 feet,A E M O,http://companionplants.com/catalog/images/Artemisia%20annua.jpg
323,Artemisia camphorata, $5.00 ,Potted Plants,PS-FS,HP (zones 5 to 8),2 feet,A M O R,http://companionplants.com/catalog/images/thumbs/Camphor%20Wormwood.jpg
324,Artemisia dracunculus, $5.00 ,Potted Plants,PS-FS,HP (zones 3 to 7),2 feet,A C,http://companionplants.com/catalog/images/thumbs/6-14-09%20002.jpg
325,Artemisia pontica 'Nana', $5.75 ,Potted Plants,PS-FS,HP (zones 2 to 9),12 inches,A O,http://companionplants.com/catalog/images/thumbs/7-19-12%20002.jpg
326,Asclepias incarnata, $5.00 ,Potted Plants,FS,HP (zones 3 to 8),4 feet,B M N O,http://companionplants.com/catalog/images/Photo_Unavail.jpg
327,Asclepias tuberosa, $5.00 ,Potted Plants,FS,HP (zones 3 to 9),2 feet,B M N O,http://companionplants.com/catalog/images/thumbs/Asclepias%20tuberosa.jpg
328,Galium odoratum, $5.00 ,Potted Plants,sh-PS,HP (zones 5 to 8),8 inches,A C M O R,http://companionplants.com/catalog/images/thumbs/Asperula%20odorata.JPG
329,Aster tataricus, $5.00 ,Potted Plants,PS-FS,HP (zones 3 to 8),to 6 feet,B M O,http://companionplants.com/catalog/images/Photo_Unavail.jpg
330,Atropa belladonna, $10.00 ,Potted Plants,PS-FS,HP (zones 5 to 9),3 feet,L M O,http://companionplants.com/catalog/images/thumbs/Atropa%20belladonna.jpg
331,Belamcanda chinensis, $5.00 ,Potted Plants,FS,HP (zones 5 to 10),3 feet,M O,http://companionplants.com/catalog/images/thumbs/7-21-12%20023.jpg
332,Calea zacatechichi, $12.50 ,Potted Plants,PS-FS,TP,6 feet,L M,http://companionplants.com/catalog/images/thumbs/7-19-09%20047.jpg
333,Catharanthus roseus, $5.00 ,Potted Plants,PS-FS,TP,3 feet,M O,http://companionplants.com/catalog/images/thumbs/10-07-14%20006.JPG
334,Ceratonia siliqua, $6.00 ,Potted Plants,FS,TP,to 50 feet,C O,http://companionplants.com/catalog/images/thumbs/6-25-09%20039.jpg
335,Chelidonium majus, $5.00 ,Potted Plants,PS-FS,HP (zones 5 to 9),2 feet,D M O,http://companionplants.com/catalog/images/thumbs/Chelidonium%20majus.jpg
336,Coleus amboinicus, $5.00 ,Potted Plants,PS-FS,TP,2 feet,A C M O,http://companionplants.com/catalog/images/plants%20040.jpg
337,Curcuma domestica, $7.00 ,Potted Plants,PS-FS,TP,to 5 feet,A C D M O,http://companionplants.com/catalog/images/Photo_Unavail.jpg
338,Cymbopogan nardus, $6.00 ,Potted Plants,FS,TP,5 feet,A O R,http://companionplants.com/catalog/images/thumbs/Cymbopogan%20nardus.jpg
339,Desmanthus illinoensis, $5.00 ,Potted Plants,PS-FS,HP (zones 5 to 9),4 feet,B M N O,http://companionplants.com/catalog/images/thumbs/7-19-12%20012.jpg
340,Digitalis lanata, $5.00 ,Potted Plants,PS-FS,HP-B (zones 4 to 9),30 inches,M O,http://companionplants.com/catalog/images/thumbs/Grecian%20Foxglove.jpg
341,Digitalis lutea, $5.00 ,Potted Plants,PS-FS,HP (zones 3 to 9),3 feet,M O,http://companionplants.com/catalog/images/thumbs/Yellow%20Foxglove.jpg
342,Echinacea purpurea, $5.00 ,Potted Plants,FS,HP (zones 3 to 9),3 feet,E M N O,http://companionplants.com/catalog/images/thumbs/7-09-09%20009.jpg
343,Eryngium yuccafolium, $5.00 ,Potted Plants,FS,HP (zones 4 to 8),4 feet,B M N O,http://companionplants.com/catalog/images/thumbs/6-25-09%20095.jpg
344,Eucalyptus cineraria, $5.25 ,Potted Plants,FS,TP (zones 9 to 10),20 feet,A E M O,http://companionplants.com/catalog/images/thumbs/7-19-09%20031.jpg
345,Foeniculum dulce, $5.00 ,Potted Plants,FS,A,3 feet,C,http://companionplants.com/catalog/images/Photo_Unavail.jpg
346,Foeniculum vulgare var, $5.00 ,Potted Plants,FS,HP (zones 4 to 9),4 feet,C O,http://companionplants.com/catalog/images/thumbs/7-21-12%20024.jpg
347,Foeniculum vulgare, $5.00 ,Potted Plants,FS,HP (in USDA Zones 4 to 9),8 feet,B C M O R,http://companionplants.com/catalog/images/Photo_Unavail.jpg
348,Galium verum, $5.00 ,Potted Plants,PS-FS,HP (zones 3 to 9),12 inches,C D M,http://companionplants.com/catalog/images/thumbs/6-14-09%20031.jpg
349,Genista tinctoria, $5.00 ,Potted Plants,FS,HP (zones 2 to 8),3 feet,D M O,http://companionplants.com/catalog/images/thumbs/6-14-09%20012.jpg
350,Geranium maculatum, $5.00 ,Potted Plants,PS-FS,HP (zones 4 to 9),2 feet,M N O,http://companionplants.com/catalog/images/thumbs/05-28-15%20002.JPG
351,Glycyrrhiza glabra, $6.00 ,Potted Plants,FS,HP (zones 7 to 10),4 feet,C M,http://companionplants.com/catalog/images/thumbs/05-28-15%20003.JPG
352,Humulus lupulus var 'Mt Hood', $6.50 ,Potted Plants,FS,HP (zones 4 to 8),to 30 feet,C H M O,http://companionplants.com/catalog/images/Photo_Unavail.jpg
353,Lavandula dentata 'Goodwin Creek', $5.00 ,Potted Plants,FS,TP (zones 7 - 10),3 feet,A M O R,http://companionplants.com/catalog/images/thumbs/Goodwin%20Creek%20Lavender.jpg
354,Lavandula heterophylla, $5.00 ,Potted Plants,FS,TP (zones 7 to 10),4 feet,A M O,http://companionplants.com/catalog/images/thumbs/Lavandula%20heterophylla.jpg
355,Leonitus leonurus, $5.00 ,Potted Plants,FS,TP (zone 8 - 10),5 feet,B M O,http://companionplants.com/catalog/images/thumbs/Leonotis%20leonurus.jpg
356,Lippia dulcis, $5.00 ,Potted Plants,PS-FS,TP,8 inches,C M O,http://companionplants.com/catalog/images/thumbs/Lippia%20dulcis.jpg
357,Lobelia cardinalis, $5.00 ,Potted Plants,PS-FS,HP (zones 3 to 9),4 feet,B M N O,http://companionplants.com/catalog/images/thumbs/Lobelia%20cardinalis.jpg
358,Lysimachia nummilaria 'Aurea', $4.85 ,Potted Plants,PS-FS,HP (zones 4 to 8),2 inches,O,http://companionplants.com/catalog/images/thumbs/07-30-14%20018.JPG
359,Manfreda virginica, $6.00 ,Potted Plants,FS,HP (zones 5 to 9),3 feet to 6 feet,M N O,http://companionplants.com/catalog/images/thumbs/7-19-09%20045.jpg
360,Matricaria chamomila, $4.85 ,Potted Plants,FS,A,16 inches,A C M O,http://companionplants.com/catalog/images/thumbs/6-25-09%20103.jpg
361,Melaleuca alternifolia, $8.00 ,Potted Plants,FS,TP (zones 8 to 10),20 feet,A M O,http://companionplants.com/catalog/images/thumbs/Melalueca%20alternifolia%20flower.jpg
362,Mentha aquatica 'Lavender', $4.85 ,Potted Plants,PS-FS,HP (zones 3 to 9),30 inches,A B C H M O R,http://companionplants.com/catalog/images/Photo_Unavail.jpg
363,Mentha arvensis 'Piperescens', $4.85 ,Potted Plants,PS-FS,HP (zones 3 to 9),30 inches,A C H M R,http://companionplants.com/catalog/images/thumbs/Mentha%20arvensis%20piperescens%20Jap.%20Field%20Mint.JPG
364,Mentha x piperata var 'Blackstem', $4.85 ,Potted Plants,PS-FS,HP (zones 3 to 9),30 inches,A C H M R,http://companionplants.com/catalog/images/Photo_Unavail.jpg
365,Mentha pulegium, $4.85 ,Potted Plants,PS-FS,HP (zones 6 to 9),1 foot,A C H M R,http://companionplants.com/catalog/images/thumbs/7-21-12%20007.jpg
366,Mentha spicata 'Crispa', $4.85 ,Potted Plants,PS-FS,HP (zones 3 to 9),2 feet,A C H M R,http://companionplants.com/catalog/images/thumbs/6-24-11%20040.jpg
367,Ocimum 'African Blue', $5.00 ,Potted Plants,FS,TP,3 feet,A C H O,http://companionplants.com/catalog/images/plants%20032.jpg
368,Onopordon acanthium, $5.00 ,Potted Plants,FS,AB (zones 6 to 9),to 8 feet,C M O,http://companionplants.com/catalog/images/thumbs/Scotch%20Thistle.jpg
369,Origanum heracleoticum, $5.00 ,Potted Plants,FS,HP (zones 5 to 9),18 inches,A C H M,http://companionplants.com/catalog/images/thumbs/Origanum%20heracleoticum.jpg
370,Origanum majorana, $5.00 ,Potted Plants,FS,TP (zones 6 to 9),12 inches,A C M,http://companionplants.com/catalog/images/thumbs/7-21-12%20003.jpg
371,Origanum sp 'Kaliteri', $5.00 ,Potted Plants,FS,HP (zones 6 to 11),3 feet,C O,http://companionplants.com/catalog/images/thumbs/7-21-12%20003.jpg
372,Pelargonium sp, $5.00 ,Potted Plants,PS-FS,TP,3 feet,A C O,http://companionplants.com/catalog/images/thumbs/Snowflake%20Geranium.jpg
373,Pelargonium tomentosum, $5.00 ,Potted Plants,PS-FS,TP,3 feet,A C O,http://companionplants.com/catalog/images/thumbs/7-19-09%20048.jpg
374,Petroselinum crispum 'Neopolitanum', $4.85 ,Potted Plants,PS-FS,B (zones 5 - 9),10 inches,B C M,http://companionplants.com/catalog/images/Photo_Unavail.jpg
375,Petroselinum crispum, $4.85 ,Potted Plants,FS,B (zones 5 to 9),7 inches,C M,http://companionplants.com/catalog/images/Photo_Unavail.jpg
376,Phalaris arundinacea, $8.00 ,Potted Plants,PS-FS,HP,7 feet,L N,http://companionplants.com/catalog/images/Photo_Unavail.jpg
377,Polygonum sp odoratum, $5.00 ,Potted Plants,PS-FS,TP,18 inches,A C,http://companionplants.com/catalog/images/thumbs/Polygonum%20odorata.jpg
378,Polygonum tinctorium, $5.00 ,Potted Plants,PS-FS,A,3 feet,D,http://companionplants.com/catalog/images/thumbs/Polygonum%20tinctorium.jpg
379,Pycnanthemum tenuifolium, $5.00 ,Potted Plants,FS,HP (zones 5 to 10),3 feet,A C E H M N O,http://companionplants.com/catalog/images/Pycnanthemum%20tenuifolium.jpg
380,Rosmarinus officinalis 'Alba', $5.25 ,Potted Plants,FS,TP,4 feet,A C O,http://companionplants.com/catalog/images/thumbs/gotu%20kola%20044.jpg
381,Rosmarinus officinalis 'Blue Boy', $5.00 ,Potted Plants,FS,TP,18 inches,A C O,"http://companionplants.com/catalog/images/thumbs/Rosemary,%20Blue%20Boy.jpg"
382,Rosmarinus officinalis 'Blue Spire', $5.00 ,Potted Plants,FS,TP,4 feet,A C O,http://companionplants.com/catalog/images/Photo_Unavail.jpg
383,Salvia clevelandii, $6.00 ,Potted Plants,FS,TP-HP (zones 8 to 10),4 feet,A B C M O,http://companionplants.com/catalog/images/thumbs/7-20-12%20008.jpg
384,Salvia elegans, $5.00 ,Potted Plants,FS,TP (zones 8 to 10),4 feet,A B C M O,http://companionplants.com/catalog/images/Photo_Unavail.jpg
385,Salvia lavandulifolia, $6.00 ,Potted Plants,FS,HP (zones 5 to 9),20 inches,A C M O,http://companionplants.com/catalog/images/thumbs/Salvia%20lavandulifolia.jpg
386,Salvia leucantha, $5.00 ,Potted Plants,FS,TP (zones 8 to 11),4 feet,H O,http://companionplants.com/catalog/images/thumbs/Salvia%20leucantha.jpg
387,Salvia lyrata, $5.00 ,Potted Plants,PS-FS,HP (zones 5 to 9),18 inches,C M N O,http://companionplants.com/catalog/images/thumbs/July%2014%202012%20002.jpg
388,Salvia repens var repens, $5.00 ,Potted Plants,PS-FS,HP (zones 6 to 9),18 inches,A M O,http://companionplants.com/catalog/images/thumbs/Salvia%20repens%20var.%20repens.JPG
389,Santolina chamaecyparissus, $5.00 ,Potted Plants,FS,HP (zones 6 to 9),2 feet,A M O R,http://companionplants.com/catalog/images/thumbs/Santolina%20chamaecyparissus.jpg
390,Santolina virens, $5.00 ,Potted Plants,FS,HP (zones 6 to 9),2 feet,A M O R,http://companionplants.com/catalog/images/thumbs/6-25-09%20018.jpg
391,Satureja montana ssp illyrica, $5.00 ,Potted Plants,FS,HP (to zone 6),4 inches,C O,http://companionplants.com/catalog/images/thumbs/7-21-12%20001.jpg
392,Satureja montana, $5.00 ,Potted Plants,FS,HP (zones 5 to 8),15 inches,C H M O,http://companionplants.com/catalog/images/thumbs/Satureja%20montana%20-%20Winter%20Savory.jpg
393,Solanum dulcamara, $5.00 ,Potted Plants,PS-FS,HP (zones 5 to 9),15 feet,M O,http://companionplants.com/catalog/images/thumbs/Solanum%20dulcamara.jpg
394,Stevia rebuadiana, $6.00 ,Potted Plants,PS-FS,TP,3 feet,C M,http://companionplants.com/catalog/images/thumbs/Stevia.jpg
395,Symphytum grandiflorum, $5.00 ,Potted Plants,PS-FS,HP (zones 5 to 9),12 inches,O,http://companionplants.com/catalog/images/thumbs/Symphytum%20grandiflorum.jpg
396,Tagetes lucida, $5.00 ,Potted Plants,FS,A-TP (HP in zones 8 to 10),30 inches,A C D L O R,http://companionplants.com/catalog/images/thumbs/11-17-14%20010.JPG
397,Tagetes minuta, $5.00 ,Potted Plants,FS,A,8 feet,A C R,http://companionplants.com/catalog/images/thumbs/Tagetes%20minuta.jpg
398,Teucrium canadense, $5.00 ,Potted Plants,PS - FS,HP (zone 3 to 8),3 feet,B H M N O,http://companionplants.com/catalog/images/thumbs/Teucrium%20canadensis.jpg
399,Teucrium hyrcanicum, $5.00 ,Potted Plants,FS,HP (zones 5 to 9),2 feet,O,http://companionplants.com/catalog/images/thumbs/7-15-09%20002.jpg
400,Thymus herbabarona 'Citrata', $4.85 ,Potted Plants,FS,HP (zones 5 to 9),4 inches,A C O,http://companionplants.com/catalog/images/Photo_Unavail.jpg
401,Thymus thracicus, $4.85 ,Potted Plants,FS,HP (zones 5 to 9),6 inches,A C O R,http://companionplants.com/catalog/images/thumbs/Thymus%20thracicus.JPG
402,Thymus vulgaris 'Orange Balsam', $4.85 ,Potted Plants,FS,HP (zones5 to 9),10 inches,A C O,http://companionplants.com/catalog/images/Photo_Unavail.jpg
403,Thymus x 'Broadleaf English', $4.85 ,Potted Plants,FS,HP (zones 5 to 9),12 inches,A C M O,http://companionplants.com/catalog/images/thumbs/7-20-12%20001.jpg
404,Thymus x 'Doone Valley', $4.85 ,Potted Plants,FS,HP (zones 5 to 9),4 inches,A C O,http://companionplants.com/catalog/images/Photo_Unavail.jpg
405,Thymus x 'Longwood', $4.85 ,Potted Plants,FS,HP ( zones 5 to 9),5 inches,A O,http://companionplants.com/catalog/images/thumbs/7-19-09%20005.jpg
406,Tulbaghia violacea, $5.00 ,Potted Plants,FS,TP (zones 7 to 10),18 inches,A C M O R,http://companionplants.com/catalog/images/Photo_Unavail.jpg
407,Typha minima, $6.50 ,Potted Plants,FS,HP (zones 3 to 11),3 feet,C E O,http://companionplants.com/catalog/images/Photo_Unavail.jpg
408,Urtica dioica, $5.50 ,Potted Plants,PS-FS,HP (zones 4 to 9),3 feet,C D L M,http://companionplants.com/catalog/images/thumbs/Urtica%20dioica.jpg
409,Asclepias incarnata, $3.50 ,Seeds,FS,HP(zones 3-8),4 FEET,B M N O,http://companionplants.com/catalog/images/Photo_Unavail.jpg
410,Asclepias tuberosa, $3.50 ,Seeds,FS,HP (zones 3 - 9),2 FEET,B M N O,http://companionplants.com/catalog/images/thumbs/Asclepias%20tuberosa.jpg
411,Datura inoxia Seed, $3.50 ,Seeds,FS,A-HP,2 FEET,L M O,http://companionplants.com/catalog/images/thumbs/Datura%20inoxia.jpg
412,Lippia dulcis, $3.50 ,Seeds,PS-FS,TP (to zone 9),8 INCHES,C M O,http://companionplants.com/catalog/images/thumbs/Lippia%20dulcis.jpg
413,Lobelia inflata seed, $3.50 ,Seeds,PS-FS,A,18 INCHES,M N,http://companionplants.com/catalog/images/thumbs/Lobelia%20inflata.jpg
414,Mentha pulegium, $3.50 ,Seeds,PS-FS,HP (zones 6-9),12 INCHES,A B C H M R,http://companionplants.com/catalog/images/thumbs/Mentha%20pulegium.jpg
415,Ruta graveolens, $3.50 ,Seeds,FS,HP (zones 4-9),2 FEET,A C L M O R,http://companionplants.com/catalog/images/plants%20021.jpg
416,Saponaria officinalis Seed, $3.50 ,Seeds,PS-FS,HP (zones 2-9),3 FEET,C M O,http://companionplants.com/catalog/images/thumbs/Saponaria%20officinalis.jpg
417,Withania somnifera Seed, $3.50 ,Seeds,FS,TP,4 FEET,D M O,http://companionplants.com/catalog/images/Photo_Unavail.jpg
418,Anthemis nobilis Seed, $3.50 ,Seeds,PS-FS,HP (zones 6-9),4 INCHES,A D M O,http://companionplants.com/catalog/images/Photo_Unavail.jpg
419,Anthemis tinctoriaseed, $3.50 ,Seeds,PS-FS,HP(zones 3-7),2 1/2 FEET,D M O,http://companionplants.com/catalog/images/thumbs/06-28-15%20002.JPG
420,Artemisia annua Seed, $3.50 ,Seeds,FS,A,7 FEET,A E M O R,http://companionplants.com/catalog/images/Artemisia%20annua.jpg
421,Chenopodium album Seed, $3.50 ,Seeds,FS,A,8 FEET,C,http://companionplants.com/catalog/images/thumbs/07-30-14%20027.JPG
422,Chenopodium ambrodioides Seed, $3.50 ,Seeds,FS,A,4 FEET,A C M,http://companionplants.com/catalog/images/thumbs/7-19-09%20022.jpg
423,Chenopodium giganticum Seed, $3.50 ,Seeds,FS,A,6 FEET,C O,http://companionplants.com/catalog/images/thumbs/6-14-09%20003.jpg
424,Chrysanthemum cinerariaefolium seed, $3.50 ,Seeds,FS,HP (zones 5 - 9),18 INCHES,R O,http://companionplants.com/catalog/images/thumbs/Chrysanthemum%20cinerarieaefolium.jpg
425,Cnicus benedictus Seed, $3.50 ,Seeds,FS,A,2 FEET,L M,http://companionplants.com/catalog/images/Photo_Unavail.jpg
426,Coix lacryma Seed, $3.50 ,Seeds,FS,A,4 FEET,C L M O,http://companionplants.com/catalog/images/thumbs/Coix-lachryma%20jobi.jpg
427,Datura stramonium Seed, $3.50 ,Seeds,FS,A,4 FEET,L M N O,http://companionplants.com/catalog/images/Datura%20stramonium%20-%20Jimson%20Weed.jpg
428,Digitalis lutea, $3.50 ,Seeds,PS-FS,HP (zones 3-9),3 FEET,M O,http://companionplants.com/catalog/images/thumbs/Digitalis%20lutea.jpg
429,Dipsacus sativus Fullonum Seed, $3.50 ,Seeds,FS,B (zones 5-8),6 FEET,E M O,http://companionplants.com/catalog/images/thumbs/Digitalis%20lutea.jpg
430,Echinacea pallida, $3.50 ,Seeds,FS,HP (zones 4-8),3 FEET,E M N O,http://companionplants.com/catalog/images/thumbs/6-25-09%20020.jpg
431,Eryngium yuccafolium, $3.50 ,Seeds,FS,HP (zones 4-8),4 FEET,M N O,http://companionplants.com/catalog/images/thumbs/Eryngium%20yuccafolium.jpg
432,Eucalyptus cineraria, $3.50 ,Seeds,fs,TP (to zone 9),20 FEET,A E M O,http://companionplants.com/catalog/images/thumbs/Eucalyptus%20cinerea.jpg
433,Eucalyptus citriodora, $3.50 ,Seeds,FS,TP (to zone 9),60 FEET,A M O,http://companionplants.com/catalog/images/thumbs/Eucalyptus%20citriodora.jpg
434,Eucalyptus globulus, $3.50 ,Seeds,FS,TP (to zone 9),100 FEET,A M O,http://companionplants.com/catalog/images/thumbs/Eucalyptus%20globulus.jpg
435,Foeniculum dulce Seed, $3.50 ,Seeds,FS,A,3 FEET,C,http://companionplants.com/catalog/images/Photo_Unavail.jpg
436,Foeniculum vulgare var, $3.50 ,Seeds,FS,HP (zones 4-9),4 FEET,B C M O,http://companionplants.com/catalog/images/Photo_Unavail.jpg
437,Foeniculum vulgare, $3.50 ,Seeds,FS,HP,6 - 8 FEET,C M O,http://companionplants.com/catalog/images/Photo_Unavail.jpg
438,Hedeoma pulegioides Seed, $3.50 ,Seeds,PS-FS,A,8 INCHES,A M N R,http://companionplants.com/catalog/images/Hedeoma%20pulegiodes%20-%20American%20Pennyroyal.jpg
439,Hypericum punctatum Seed, $3.50 ,Seeds,PS-FS,HP (zones 3- 9),3 FEET,M N,http://companionplants.com/catalog/images/Photo_Unavail.jpg
440,Nicandra psallioides Seed, $3.50 ,Seeds,FS,A,6 FEET,O M R,http://companionplants.com/catalog/images/Photo_Unavail.jpg
441,Ocimum basilicum var Seed, $3.50 ,Seeds,FS,A,30 INCHES,A C H M O R,http://companionplants.com/catalog/images/Photo_Unavail.jpg
442,Ocimum basilicum var Seed, $3.50 ,Seeds,FS,A,3 FEET,A C H M O R,http://companionplants.com/catalog/images/Photo_Unavail.jpg
443,Ocimum basilicum var Seed, $3.50 ,Seeds,FS,A,2 FEET,A C H M O R,http://companionplants.com/catalog/images/Photo_Unavail.jpg
444,Ocimum basilicum var Seed, $3.50 ,Seeds,FS,A,30 INCHES,A C H M O R,http://companionplants.com/catalog/images/Photo_Unavail.jpg
445,Ocimum basilicum Seed, $3.50 ,Seeds,FS,A,30 INCHES,A C H M R,http://companionplants.com/catalog/images/Photo_Unavail.jpg
446,Ocimum kilimanscharicum, $3.50 ,Seeds,FS,TP,5 FEET,A H M O R,http://companionplants.com/catalog/images/thumbs/Ocimum%20kilimanscharicum.jpg
447,Ocimum micranthemum, $3.50 ,Seeds,FS,A,20 INCHES,A C H M R,http://companionplants.com/catalog/images/thumbs/Ocimum%20micranthemum.jpg
448,Petroselinum crispum Neopolitanum, $3.50 ,Seeds,PS-FS,B (zones 5-9),10 INCHES,C M,http://companionplants.com/catalog/images/Photo_Unavail.jpg
449,Pycnanthemum tenuifolium, $3.50 ,Seeds,FS,HP ( zones 5-10),3 FEET,A C E H M N O,http://companionplants.com/catalog/images/Pycnanthemum%20tenuifolium.jpg
450,Ricinus communis 'Zanzibarensis' Seed, $3.50 ,Seeds,FS,A,15 FEET,D M O R,http://companionplants.com/catalog/images/Photo_Unavail.jpg
451,Salvia lyrata Seed, $3.50 ,Seeds,PS-FS,HP (zones 5-9),18 INCHES,C M N O,http://companionplants.com/catalog/images/thumbs/Salvia%20lyrata.jpg
452,Satureja hortensis Seed, $3.50 ,Seeds,FS,A,18 INCHES,C H M,http://companionplants.com/catalog/images/Photo_Unavail.jpg
453,Satureja montana, $3.50 ,Seeds,FS,HP (zones 5-9),15 INCHES,C H M O,http://companionplants.com/catalog/images/thumbs/Satureja%20montana%20-%20Winter%20Savory.jpg
454,Scutellaria lateriflora, $3.50 ,Seeds,PS-FS,HP,3 FEET,M N,http://companionplants.com/catalog/images/thumbs/Scutellaria%20lateriflora.jpg
455,Solanum nigrum Seed, $3.50 ,Seeds,PS-FS,A,30 INCHES,D L M,http://companionplants.com/catalog/images/Photo_Unavail.jpg
456,Spilanthes acmella, $3.50 ,Seeds,FS,TP,18 INCHES,M O,http://companionplants.com/catalog/images/thumbs/Spilanthus%20achmella.jpg
457,Tagetes minuta seed, $3.50 ,Seeds,FS,A,8 FEET,A C M R,http://companionplants.com/catalog/images/thumbs/Tagetes%20minuta.jpg
458,Teucrium canadense, $3.50 ,Seeds,PS-FS,HP (zones 3-9),3 FEET,M N O,http://companionplants.com/catalog/images/thumbs/7-19-09%20003.jpg
459,Teucrium hyrcanicum seed, $3.50 ,Seeds,PS-FS,HP (zones 5-9),2 FEET,B H O,http://companionplants.com/catalog/images/thumbs/6-25-09%20038.jpg
460,Perilla frutescens var Seed, $3.50 ,Seeds,FS,A,4 FEET,A C M O,http://companionplants.com/catalog/images/thumbs/7-19-09%20017.jpg
461,Rumex acetosa, $3.50 ,Seeds,PS-FS,HP (zones 4-9),18 INCHES,C M,http://companionplants.com/catalog/images/Photo_Unavail.jpg
462,Angelica archangelica, $5.00 ,Potted Plants,PS,B (zones 4 to 9),5 feet,A C M O,http://companionplants.com/catalog/images/Photo_Unavail.jpg
463,Apocynum cannabinum, $5.00 ,Potted Plants,FS,HP (zones 4 - 9),3 feet,D L M N,http://companionplants.com/catalog/images/thumbs/Apocynum%20cannabinum.jpg
464,Arcticum lappa, $4.85 ,Potted Plants,FS,B,to 6 feet,B C M,http://companionplants.com/catalog/images/thumbs/7-19-12%20023.jpg
465,Asclepias curassavica, $5.00 ,Potted Plants,FS,TP,5 feet,B M O R,http://companionplants.com/catalog/images/thumbs/07-30-14%20017.JPG
466,Asclepias syriaca, $5.00 ,Potted Plants,FS,HP (zones 4 to 9),4 feet,B C H M N O,http://companionplants.com/catalog/images/thumbs/Asclepias%20syriaca.jpg
467,Calamintha officinalis, $4.85 ,Potted Plants,FS,HP (zones 5 to 9),18 inches,A B C H M O,http://companionplants.com/catalog/images/thumbs/Calamintha%20sp..jpg
468,Calamintha sp, $4.85 ,Potted Plants,FS,HP (zones 5 to 9),2 feet,A C M O,http://companionplants.com/catalog/images/thumbs/Calamintha%20sp..jpg
469,Cassia hebecarpa, $5.00 ,Potted Plants,FS,HP (zones 4 to 9),6 feet,B M N O,http://companionplants.com/catalog/images/thumbs/aloe%20033.jpg
470,Chasmanthium latifolium, $5.00 ,Potted Plants,PS-FS,HP (zones 3 to 9),3 feet,E N O,http://companionplants.com/catalog/images/thumbs/7-19-12%20044.jpg
471,Chrysanthemum parthenium, $5.00 ,Potted Plants,PS-FS,HP (zones 4 to 9),18 inches,M O R,http://companionplants.com/catalog/images/thumbs/Chrysanthemum%20parthenium.jpg
472,Codonopsis pilosula, $6.00 ,Potted Plants,sh-PS,HP,8 feet to 8 feet,M O,http://companionplants.com/catalog/images/thumbs/Codonopsis%20pilosula.JPG
473,Cynara cardunculus, $5.00 ,Potted Plants,FS,B (zones7 to 9),4 feet,C D E M O,http://companionplants.com/catalog/images/thumbs/Cardoon.jpg
474,Cytisus scoparius, $5.00 ,Potted Plants,FS,HP (zones 6 to 8),5 feet,D L M O,http://companionplants.com/catalog/images/thumbs/Cytisus%20scoparius.jpg
475,Datura metel 'Black', $5.00 ,Potted Plants,FS,TP,4 feet,L M O,http://companionplants.com/catalog/images/Photo_Unavail.jpg
476,Datura metel, $5.00 ,Potted Plants,FS,TP,4 feet,L M O,http://companionplants.com/catalog/images/thumbs/11-03-15%20019.JPG
477,Digitalis purpurea, $5.00 ,Potted Plants,PS-FS,B (zones 4 to 8),to 6 feet,L M O,http://companionplants.com/catalog/images/Photo_Unavail.jpg
478,Echinacea angustifolia, $5.00 ,Potted Plants,FS,HP (zones 4 to 9),18 inches,B E M N O,http://companionplants.com/catalog/images/Photo_Unavail.jpg
479,Ephedra distachya, $10.00 ,Potted Plants,PS-FS,HP (to zone 6),5 feet,M O,http://companionplants.com/catalog/images/thumbs/Ephedra%20distachya.jpg
480,Eryngium foetidum, $5.50 ,Potted Plants,PS-FS,TP,10 inches,A C M,http://companionplants.com/catalog/images/thumbs/Eryngium%20foetidum.jpg
481,Eupatorium perfoliatum, $5.00 ,Potted Plants,PS-FS,HP (zones 3 to 9),5 feet,B M N O,http://companionplants.com/catalog/images/thumbs/Eupatorium%20perfoliatum%20-%20Boneset.jpg
482,Eupatorium purpureum, $5.00 ,Potted Plants,FS,HP (zones 3 to 9),10 feet,B M N O,http://companionplants.com/catalog/images/Photo_Unavail.jpg
483,Forsythia suspensa, $6.00 ,Potted Plants,FS,HP (zones 5 to 8),to 10 feet,M O,http://companionplants.com/catalog/images/Photo_Unavail.jpg
484,Heimia myrtifolia, $6.50 ,Potted Plants,FS,HP,4 feet,L O,http://companionplants.com/catalog/images/thumbs/oct%2019%202013%20004.jpg
485,Helianthus tuberosus, $5.00 ,Potted Plants,FS,HP (zones 4 to 9),to 8 feet,C H M N O,http://companionplants.com/catalog/images/Photo_Unavail.jpg
486,Helichrysum angustifolium, $5.00 ,Potted Plants,FS,TP (zones 7 to 10),2 feet,A C E M O R,http://companionplants.com/catalog/images/thumbs/07-30-14%20024.JPG
487,Helleborus orientalis, $6.00 ,Potted Plants,PS,HP (zones 4 to 9),1 foot,M O,http://companionplants.com/catalog/images/thumbs/Helleborus%20orientalis.jpg
488,Hepatica acutiloba, $5.00 ,Potted Plants,sh-PS,HP (zones 4 to 9),5 inches,M N O,http://companionplants.com/catalog/images/thumbs/Hepatica%20acutiloba.JPG
489,Houttuynia cordata Variegata, $5.00 ,Potted Plants,PS-FS,HP (zones 5 to 11),15 inches,C M O,http://companionplants.com/catalog/images/thumbs/6-25-09%20100.jpg
490,Hyoscyamus niger, $6.00 ,Potted Plants,PS-FS,AB (zones 6 to 11),30 inches,L M O,http://companionplants.com/catalog/images/thumbs/Hyoscyamus%20niger.jpg
491,Hyssopus officinalis, $5.00 ,Potted Plants,FS,HP (zones 3 to 10),2 feet,B C H L M O,http://companionplants.com/catalog/images/plants%20054.jpg
492,Indigofera suffruticosa, $5.00 ,Potted Plants,FS,TP,to 6 feet,D L M,http://companionplants.com/catalog/images/thumbs/7-19-12%20017.jpg
493,Indigofera tinctoria, $5.00 ,Potted Plants,FS,TP,to 6 feet,D L M,http://companionplants.com/catalog/images/thumbs/7-19-12%20027.jpg
494,Inula helenium, $5.00 ,Potted Plants,PS-FS,HP (zones 3 to 9),8 feet,D M,http://companionplants.com/catalog/images/thumbs/7-19-09%20019.jpg
495,Isatis tinctoria, $5.00 ,Potted Plants,FS,B (zones 4 to 8),4 feet,D L O,http://companionplants.com/catalog/images/thumbs/6-24-11%20025.jpg
496,Justicia pectoralis var stenophylla, $10.00 ,Potted Plants,Sh - PS,TP,12 inches,L M,http://companionplants.com/catalog/images/thumbs/11-17-14%20015.JPG
497,Kaempferia galanga, $12.00 ,Potted Plants,PS,TP (zones 9 to 11),6 inches,C M O,http://companionplants.com/catalog/images/thumbs/7-09-09%20018.jpg
498,Lavandula angustifolia 'Jean Davis', $5.00 ,Potted Plants,FS,HP (zones 5 to 8),10 inches,A M O R,http://companionplants.com/catalog/images/thumbs/7-19-12%20048.jpg
499,Lavandula angustifolia 'Twickle Purple', $5.00 ,Potted Plants,FS,HP (zones 5 - 11),2 feet,A B C H M O,http://companionplants.com/catalog/images/Photo_Unavail.jpg
500,Lavandula x intermedia 'Grosso', $5.00 ,Potted Plants,FS,HP (zones 5 to 9),3 feet,A B C H M O R,http://companionplants.com/catalog/images/Photo_Unavail.jpg
501,Lavandula x intermedia 'Provense', $5.00 ,Potted Plants,FS,HP (zones 5 to 9),3 feet,A B C H M O R,http://companionplants.com/catalog/images/thumbs/7-19-12%20047.jpg
502,Leonurus cardicans, $5.00 ,Potted Plants,PS-FS,HP (zones 4 to 8),5 feet,H M O,http://companionplants.com/catalog/images/thumbs/6-25-09%20028.jpg
503,Leonurus sibiricus, $5.00 ,Potted Plants,PS-FS,B,6 feet,H M O,http://companionplants.com/catalog/images/plants%20029.jpg
504,Levisticum officinale, $5.00 ,Potted Plants,FS,HP (zones 5 to 8),4 feet,C M,http://companionplants.com/catalog/images/thumbs/Levisticum%20officinale.JPG
505,Lobelia laxiflora, $5.00 ,Potted Plants,PS-FS,TP-HP (to zone six),3 feet,B M O,http://companionplants.com/catalog/images/thumbs/Lobelia%20laxiflora.jpg
506,Lycopus europaeus, $5.00 ,Potted Plants,PS-FS,HP (zones 4 to 8),3 feet,A D M,http://companionplants.com/catalog/images/thumbs/7-15-09%20005.jpg
507,Marrubium vulgare, $5.00 ,Potted Plants,PS-FS,HP (zones 3 to 8),18 inches,H M O,http://companionplants.com/catalog/images/thumbs/07-30-14%20025.JPG
508,Melissa officinalis, $5.00 ,Potted Plants,FS,HP (zones 3 to 7),3 feet,A C H M R,http://companionplants.com/catalog/images/thumbs/7-15-09%20020.jpg
509,Mentha asiaticaborris, $4.85 ,Potted Plants,PS-FS,HP (zones 3 to 9),30 inches,A C H M R,http://companionplants.com/catalog/images/thumbs/6-24-11%20039.jpg
510,Mimosa hostilis, $15.00 ,Potted Plants,PS-FS,TP,15 feet,L M,http://companionplants.com/catalog/images/thumbs/Mimosa%20hostilis.JPG
511,Monarda fistulosa, $5.00 ,Potted Plants,PS-FS,HP (zones 3 to 9),3 feet,A C H M N O,http://companionplants.com/catalog/images/thumbs/7-09-09%20006.jpg
512,Monarda punctata, $5.00 ,Potted Plants,FS,HP (zones 4 to 9),2 feet,H M N O,http://companionplants.com/catalog/images/thumbs/07-30-14%20021.JPG
513,Myrtus communis, $5.00 ,Potted Plants,PS-FS,TP (zones 8 to 9),12 feet,A C L M O,http://companionplants.com/catalog/images/thumbs/6-25-09%20107.jpg
514,Nepeta cataria 'Citriodorata', $5.00 ,Potted Plants,PS-FS,HP,3 feet,A C H M,http://companionplants.com/catalog/images/Photo_Unavail.jpg
515,Nepeta cataria, $5.00 ,Potted Plants,PS-FS,HP (zones 3 to 7),3 feet,A H M,http://companionplants.com/catalog/images/thumbs/Nepeta%20cataria.jpg
516,Nicotiana glauca, $5.00 ,Potted Plants,FS,TP,to 20 feet,M O,http://companionplants.com/catalog/images/plants%20041.jpg
517,Ocimum basilicum 'Minimum', $4.85 ,Potted Plants,FS,A,10 inches,A C O,http://companionplants.com/catalog/images/thumbs/7-19-09%20009.jpg
518,Ocimum gratissimum, $5.00 ,Potted Plants,FS,TP,8 feet,A C R,http://companionplants.com/catalog/images/thumbs/7-21-12%20022.jpg
519,Ocimum sanctum purple Tulsi form, $5.00 ,Potted Plants,FS,A,3 feet,A C M O R,http://companionplants.com/catalog/images/thumbs/7-21-12%20022.jpg
520,Ocimum sanctum, $4.85 ,Potted Plants,FS,A,18 inches,A C L O,http://companionplants.com/catalog/images/thumbs/7-09-09%20003.jpg
521,Ocimum viride, $5.00 ,Potted Plants,FS,A,4 feet,M R,http://companionplants.com/catalog/images/thumbs/Ocimum%20viride.jpg
522,Origanum vulgare, $5.00 ,Potted Plants,FS,HP (zones 5 to 9),12 inches,A C D E H M O,http://companionplants.com/catalog/images/Photo_Unavail.jpg
523,Parthenium integrifolium, $5.00 ,Potted Plants,FS,HP (zones 4 to 9),3 feet,E M O,http://companionplants.com/catalog/images/thumbs/4-16-09%20041.jpg
524,Peganum harmala, $8.00 ,Potted Plants,FS,HP (zones 6 to 10),5 feet,D L M,http://companionplants.com/catalog/images/thumbs/7-19-12%20033.jpg
525,Pelargonium citronellum 'Mabel Grey', $5.25 ,Potted Plants,PS-FS,TP,4 feet,A C O R,http://companionplants.com/catalog/images/thumbs/Mabel%20Grey.jpg
526,Phalaris sp 'Big Medicine', $8.00 ,Potted Plants,PS-FS,HP,3 feet,L,http://companionplants.com/catalog/images/Photo_Unavail.jpg
527,Phalaris aquatica var stenoptera, $8.00 ,Potted Plants,PS-FS,HP,3 feet,L M,http://companionplants.com/catalog/images/Photo_Unavail.jpg
528,Phytolacca americana, $5.00 ,Potted Plants,PS-FS,HP (zones 3 to 9),to 8 feet,D M N,http://companionplants.com/catalog/images/thumbs/6-24-11%20044.jpg
529,Pinellia ternata, $6.00 ,Potted Plants,PS-FS,TP (zones 6 to 9),10 inches,M O,http://companionplants.com/catalog/images/thumbs/Pinellia%20ternata.JPG
530,Piper auritum P sanctum, $7.25 ,Potted Plants,PS-FS,TP,to 6 feet,A C M,http://companionplants.com/catalog/images/thumbs/6-14-09%20014.jpg
531,Poterium sanguisorba, $5.00 ,Potted Plants,FS,HP (zones 4 to 8),18 inches,C M,http://companionplants.com/catalog/images/thumbs/7-20-12%20012.jpg
532,Pyrethrum roseum, $5.00 ,Potted Plants,FS,HP (zones 4 to 9),18 inches,O R,http://companionplants.com/catalog/images/thumbs/may%2029%202013%20008.jpg
533,Reseda luteola, $4.85 ,Potted Plants,FS,B,4 feet,D O,http://companionplants.com/catalog/images/thumbs/6-22-14%20(8).JPG
534,Reseda odorata, $4.85 ,Potted Plants,FS,A,2 feet,A B M,http://companionplants.com/catalog/images/thumbs/7-19-12%20032.jpg
535,Rosmarinus officinalis 'Hill Hardy', $5.25 ,Potted Plants,FS,TP-HP,3 feet,A C O,http://companionplants.com/catalog/images/thumbs/Hill%20Hardy%20Ros..jpg
536,Rosmarinus officinalis 'Tuscan Blue', $5.00 ,Potted Plants,FS,TP,to 6 feet,A C O,http://companionplants.com/catalog/images/thumbs/07-30-14%20022.JPG
537,Rumex crispus, $4.85 ,Potted Plants,PS-FS,HP-B,4 feet,D M,http://companionplants.com/catalog/images/thumbs/4-16-09%20045.jpg
538,Salvia apiana, $10.00 ,Potted Plants,FS,TP,to 8 feet,A H L O,http://companionplants.com/catalog/images/plants%20043.jpg
539,Salvia coccinea, $4.85 ,Potted Plants,FS,A-TP,2 feet,H O,http://companionplants.com/catalog/images/thumbs/Salvi%20coccinea.jpg
540,Salvia officinalis 'Berggarten', $5.00 ,Potted Plants,FS,HP (zones 5 to 9),20 inches,A C M O,http://companionplants.com/catalog/images/thumbs/Bergarrten%20Sage.JPG
541,Salvia officinalis, $5.00 ,Potted Plants,FS,HP (zones 5 to 9),2 feet,A C H L M O,http://companionplants.com/catalog/images/Photo_Unavail.jpg
542,Salvia sclarea, $5.00 ,Potted Plants,FS,B (zones 4 to 9),2 feet,A C M O,http://companionplants.com/catalog/images/thumbs/Salvia%20sclerea.jpg
543,Salvia stenophylla, $5.00 ,Potted Plants,FS,TP (zones 6 to 9),2 feet,A M O R,http://companionplants.com/catalog/images/thumbs/Salvia%20stenophyllum.JPG
544,Santolina rosmarinifolia, $5.00 ,Potted Plants,FS,HP (zones 6 to 9),2 feet,M O R,http://companionplants.com/catalog/images/thumbs/6-14-09%20019.jpg
545,Silybum marianum, $4.85 ,Potted Plants,PS-FS,AB,4 feet,C M O,http://companionplants.com/catalog/images/thumbs/Silybum%20marianum.jpg
546,Teucrium massiliense, $5.00 ,Potted Plants,FS,TP,12 inches,A O,http://companionplants.com/catalog/images/Photo_Unavail.jpg
547,Thymus praecox ssp arcticus 'Coccineus', $4.85 ,Potted Plants,FS,HP (zones 5 to 9),3 inches,B H O,http://companionplants.com/catalog/images/Photo_Unavail.jpg
548,Thymus serpyllum 'Elfin', $4.85 ,Potted Plants,FS,HP (zones 5 to 9),3 inches,O,http://companionplants.com/catalog/images/thumbs/7-20-12%20009.jpg
549,Thymus x 'Argenteus', $4.85 ,Potted Plants,FS,HP (zones 5 to 9),10 inches,A C O,http://companionplants.com/catalog/images/thumbs/7-20-12%20009.jpg
550,Thymus x 'Linear Leaf Lilac', $4.85 ,Potted Plants,FS,HP (zones 5 to 9),4 inches,A O,http://companionplants.com/catalog/images/thumbs/7-20-12%20006.jpg
551,Thymus x 'Longleaf Gray', $4.85 ,Potted Plants,FS,HP (zones 5 to 9),8 inches,A C O,http://companionplants.com/catalog/images/thumbs/may%2029%202013%20011.jpg
552,Thymus x 'Pinewood', $4.85 ,Potted Plants,FS,HP (zones 5 to 9),10 inches,A C O,http://companionplants.com/catalog/images/thumbs/7-21-12%20016.jpg
553,Vitex negundo, $6.00 ,Potted Plants,FS,HP (zones 6 to 10),15 FEET,A H M O,http://companionplants.com/catalog/images/thumbs/7-21-12%20027.jpg
554,Acorus calamus,"$4.00
1+  $4.00
2+  $3.00
7+  $2.00
50+  $1.75",Dormant/Bareroot Plant,PS-FS,HP (in USDA Zones 4 to 11),5 feet,A C D L M N O,http://companionplants.com/catalog/images/Photo_Unavail.jpg
555,Hepatica acutiloba,"$4.00
2+  $3.00
7+  $2.00
50+  $1.75",Dormant/Bareroot Plant,sh-PS,HP (in USDA Zones 4 to 9),5 inches,M N O,http://companionplants.com/catalog/images/Photo_Unavail.jpg
556,Anredera cordifolia, $5.00 ,Potted Plants,PS-FS,TP,to 15 feet,C M O,http://companionplants.com/catalog/images/thumbs/7-21-12%20009.jpg
557,Allium sativum 'Ophioscorodon'seeds, $3.50 ,Seeds,FS,HP (zones 3-9),2 FEET,C O R,http://companionplants.com/catalog/images/thumbs/6-25-09%20035.jpg
558,Asclepias curassavica, $3.50 ,Seeds,FS,TP,3 FEET,B M O,http://companionplants.com/catalog/images/thumbs/Asclepias%20curassavica.JPG
559,Asclepias syriaca, $3.50 ,Seeds,FS,HP(zones 4 to 9),4 FEET,B C H M N O,http://companionplants.com/catalog/images/thumbs/Asclepias%20syriaca.jpg
560,Baptisia australis seed, $3.50 ,Seeds,FS,HP,4 FEET,B D M N O,http://companionplants.com/catalog/images/thumbs/4-16-09%20034.jpg
561,Conium maculatum Seed, $3.50 ,Seeds,PS=FS,B,10 FEET,M,http://companionplants.com/catalog/images/thumbs/Conium%20maculatum.jpg
562,Ephedra sinica seeds, $3.50 ,Seeds,FS,HP (to zone 5),3 FEET,M,http://companionplants.com/catalog/images/thumbs/Ephedra%20sinica.jpg
563,Eucalyptus polyanthemos, $5.25 ,Potted Plants,FS,TP (to zone 9),to 50 FEET,A M O,http://companionplants.com/catalog/images/thumbs/7-19-09%20054.jpg
564,Heimia salicifolia seed, $3.50 ,Seeds,FS,HP (to zone 6),10 FEET,L O,http://companionplants.com/catalog/images/thumbs/Heimia%20salicifolia.jpg
565,Leonurus sibericus seed, $3.50 ,Seeds,PS-FS,B,6 FEET,H M O,http://companionplants.com/catalog/images/thumbs/Leonurus%20sibiricus.jpg
566,Linum usitatissimum seed, $3.50 ,Seeds,FS,A,3 FEET,M O,http://companionplants.com/catalog/images/thumbs/Leonurus%20sibiricus.jpg
567,Nepeta parnassica, $3.50 ,Seeds,PS-FS,HP,3 FEET,A O R,http://companionplants.com/catalog/images/thumbs/Nepeta%20parnassica%202.jpg
568,Ocimum selloi seeds, $3.50 ,Seeds,PS-FS,TP,30 INCHES,C H M O,http://companionplants.com/catalog/images/thumbs/Nepeta%20parnassica%202.jpg
569,Achillea millefolium seeds, $3.50 ,Seeds,PS-FS,HP (zones 3 to 10),2 feet to 3 feet,A E L M N,http://companionplants.com/catalog/images/thumbs/Achillea%20millefolium.JPG
570,Agastache foeniculum seeds, $3.50 ,Seeds,PS-FS,HP (zones 4 to 10),3 feet,C H M N O,http://companionplants.com/catalog/images/thumbs/Agastache%20foeniculum%202.jpg
571,Agastache nepetoides seeds, $3.50 ,Seeds,PS-FS,HP (zones 2 to 8),6 feet,H M N O,http://companionplants.com/catalog/images/thumbs/Agastache%20nepetoides.jpg
572,Heimia salicifolia, $6.50 ,Potted Plants,FS,HP (to zone 6),10 FEET,L O,http://companionplants.com/catalog/images/thumbs/Heimia%20salicifolia.jpg
573,Panax quinquefolium, $6.00 ,Potted Plants,Sh,HP(zones 3-7),"12""",M,http://companionplants.com/catalog/images/thumbs/Panax%20quinqiefolium.jpg
574,Vitex agnuschastus, $6.00 ,Potted Plants,FS,HP (zones 6-9),10 feet,A H M O,http://companionplants.com/catalog/images/thumbs/Vitex%20agnus-chastus.jpg
575,Curcuma domestica Variegata, $7.00 ,Potted Plants,PS-FS,TP,3 to 5 feet,A C D M O,http://companionplants.com/catalog/images/thumbs/6-25-09%20037.jpg
576,Trichocereus bridgesii, $18.00 ,Cacti/Succulents,FS,TP,10 feet,L M,http://companionplants.com/catalog/images/thumbs/Trichocereus%20bridgessii.jpg
577,Thymus vulgaris, $4.85 ,Potted Plants,FS,HP (zones 5 to 9),14 inches,A B C H M O,http://companionplants.com/catalog/images/thumbs/Thymus%20vulgaris.JPG
578,Thymbra capitata, $6.00 ,Potted Plants,FS,TP,1 foot,A C M O,http://companionplants.com/catalog/images/thumbs/7-19-09%20024.jpg
579,Thymus praecox ssp arcticus Minor, $4.85 ,Potted Plants,FS,HP,1 inch,O,http://companionplants.com/catalog/images/thumbs/7-21-12%20026.jpg
580,Lavandula dentata Candicans var Balearic, $5.00 ,Potted Plants,FS,TP (zones 7 to 10),3 feet,A M O R,http://companionplants.com/catalog/images/thumbs/Balearic%20French%20Lavender.jpg
581,Humulus lupulus var Horizon, $6.50 ,Potted Plants,FS,HP (zones 4 to 8),to 30 feet,C H M O,http://companionplants.com/catalog/images/thumbs/Balearic%20French%20Lavender.jpg
582,Datura metel 'Double Black', $5.00 ,Potted Plants,FS,TP,4 feet,L M O,http://companionplants.com/catalog/images/thumbs/Balearic%20French%20Lavender.jpg
583,Panax quinquefolium,"$4.00
1+  $4.00
2+  $3.50
7+  $3.00
50+  $2.50",Dormant/Bareroot Plant,Sh,HP,"12""",M,http://companionplants.com/catalog/images/thumbs/6-14-09%20016.jpg
584,Iris versicolor, $5.00 ,Potted Plants,PS-FS,HP (zones3-9),"30""",M N O,http://companionplants.com/catalog/images/thumbs/6-14-09%20016.jpg
585,Iris versicolor,"$4.00
1+  $4.00
2+  $3.00
7+  $2.00
50+  $1.75",Dormant/Bareroot Plant,PS-FS,HP (zones 3-9),"30""",M N O,http://companionplants.com/catalog/images/thumbs/6-14-09%20016.jpg
586,Humulus lupulus var Nugget, $6.50 ,Potted Plants,FS,HP(zones 4 to 8),Vine to 30 feet,C H M O,http://companionplants.com/catalog/images/thumbs/6-14-09%20016.jpg
587,Humulus lupulus var Fuggle, $6.50 ,Potted Plants,FS,HP(zones 4 to 8),vine to 30 feet,C H M O,http://companionplants.com/catalog/images/thumbs/6-14-09%20016.jpg
588,Rivea corymbosa, $3.50 ,Seeds,FS - PS,TP,VINE TO 30 FEET,L M O,http://companionplants.com/catalog/images/thumbs/Rivea%20corymbosa.jpg
589,Stachys officinalis, $5.00 ,Potted Plants,FS - PS,HP (zones 5-8),2 FEET,D M O,http://companionplants.com/catalog/images/thumbs/6-25-09%20032.jpg
590,Stachys officinalis 'nana', $5.00 ,Potted Plants,FS - PS,HP (zones 5-8),6 INCHES,O,http://companionplants.com/catalog/images/thumbs/Dwarf%20Betony.jpg
591,Verbascum thapsus, $4.85 ,Potted Plants,FS-PS,B (zones 3 - 9),8 FEET,L M O,http://companionplants.com/catalog/images/thumbs/4-16-09%20030.jpg
592,Rosmarinus Off 'Severn Seas', $5.00 ,Potted Plants,FS,TP,1 - 2 FEET,A C O,http://companionplants.com/catalog/images/thumbs/Severn%20Seas%20Ros..jpg
593,Rosemarinus off 'Majorca Pink', $5.00 ,Potted Plants,FS,TP,3 - 4 Feet,A C O,http://companionplants.com/catalog/images/thumbs/Majorca%20Pink%20Ros..jpg
594,Pelargonium var 'Chocolate Mint', $5.00 ,Potted Plants,PS-FS,TP,2 FEET,A C O,http://companionplants.com/catalog/images/thumbs/Chocolate%20Mint%20Ger.jpg
595,Glycyrrhiza echinata seeds, $3.50 ,Seeds,FS,HP,6 FEET,M,http://companionplants.com/catalog/images/thumbs/Glycorrhiza%20echinata.jpg
596,Pycnanthemum muticum, $5.00 ,Potted Plants,PS-FS,HP,3 FEET,A B C E H M N O,http://companionplants.com/catalog/images/thumbs/3-3-10%20005.jpg
597,Vitex negundo seed, $3.50 ,Seeds,PS-FS,HP,15 FEET,A H M O,http://companionplants.com/catalog/images/thumbs/Vitex%20negundo.jpg
598,Asarum canadensis, $5.00 ,Potted Plants,sh - PS,HP (zones 2 - 8),"6""",A C M N O,http://companionplants.com/catalog/images/thumbs/Asarum%20canadensis.JPG
599,Baptisia australis, $5.00 ,Potted Plants,FS,HP (zones 3 - 8),4 FEET,D M N O,http://companionplants.com/catalog/images/thumbs/Baptisia.jpg
600,Caulophyllum thalictroides, $5.00 ,Potted Plants,sh - PS,HP (zones 3 - 9),30 INCHES,M N O,http://companionplants.com/catalog/images/thumbs/Blue%20Cohosh.jpg
601,Salvia officinalis 'Aurea', $5.00 ,Potted Plants,FS,HP(zones 6 - 9),"18""",A C M O,http://companionplants.com/catalog/images/thumbs/Blue%20Cohosh.jpg
602,Sanguinaria canadensis, $5.00 ,Potted Plants,Sh,HP(zones 3 - 9),"10""",D M N O,http://companionplants.com/catalog/images/thumbs/Photo_Unavail.JPG
603,Saponaria officinalis, $5.00 ,Potted Plants,PS-FS,HP(zones 2 - 9),3 Feet,C M O,http://companionplants.com/catalog/images/thumbs/Saponaria%20officinalis.jpg
604,Verbascum blattaria, $5.00 ,Potted Plants,FS,B(zones 4 - 9),4 feet,B M O R,http://companionplants.com/catalog/images/thumbs/Verbascum%20blattaria%202.jpg
605,Iris cristata, $5.00 ,Potted Plants,PS-FS,HP(zones 5 - 9),3 - 8 inches,M N O,http://companionplants.com/catalog/images/thumbs/Iris%20cristata.jpg
606,Coleus forskohliiPlectranthus barbartus, $6.00 ,Potted Plants,FS,TP,2 - 3 FEET,M O,http://companionplants.com/catalog/images/thumbs/9-5-10%20026.jpg
607,Plectranthus tomentosa, $5.00 ,Potted Plants,FS,TP,1 FOOT,A M O,http://companionplants.com/catalog/images/thumbs/9-5-10%20018.jpg
608,Plectranthus caninus, $5.00 ,Potted Plants,FS,TP,2 FEET,O R,http://companionplants.com/catalog/images/thumbs/9-5-10%20019.jpg
609,Verbena hastata, $5.00 ,Potted Plants,PS-FS,HP,4 FEET,B M N O,http://companionplants.com/catalog/images/thumbs/plants%202%20011.jpg
610,Zizia aurea, $5.00 ,Potted Plants,FS,HP(zones 4-9),3 FEET,C B M N O,http://companionplants.com/catalog/images/thumbs/July%2014%202012%20006.jpg
611,Echinacea tennessensis, $6.00 ,Potted Plants,FS,HP,"16""",M N O,http://companionplants.com/catalog/images/thumbs/Echinacea%20tennesseensis.jpg
612,Passiflora incarnata 'Bill's Delight', $12.00 ,Potted Plants,PS-FS,HP,VINE TO 20 FEET,M N O,http://companionplants.com/catalog/images/thumbs/9-5-10%20025.jpg
613,Mitragyna speciosa, $45.00 ,Potted Plants,PS-FS,TP,30 FEET,M,http://companionplants.com/catalog/images/thumbs/6-24-11%20028.jpg
614,Humulus lupulus var 'Brewer's Gold', $6.50 ,Potted Plants,FS,HP,vine to 30 FEET,C M L O,http://companionplants.com/catalog/images/thumbs/6-24-11%20028.jpg
615,Trichocereus terscheckii, $18.00 ,Cacti/Succulents,FS,TP,20 FEET or more,L M O,http://companionplants.com/catalog/images/thumbs/6-24-11%20031.jpg
616,Yucca filamentosa, $5.25 ,Potted Plants,FS,HP to zone 4,6 FEET,B C M N O,http://companionplants.com/catalog/images/thumbs/Yucca.jpg
617,Lavandula angustifolium 'Hidcote', $5.00 ,Potted Plants,FS,HP to zone 5,18 INCHES,A B C H M O,http://companionplants.com/catalog/images/thumbs/Yucca.jpg
618,Monarda fistulosa x tetraploid, $6.50 ,Potted Plants,PS-FS,HP(zones 6 - 9),30 inches,A C O R,"http://companionplants.com/catalog/images/thumbs/Monarda,%20Rose-Scented.JPG"
619,Verbena officinalis, $5.00 ,Potted Plants,PS-FS,HP,2 feet,L M,http://companionplants.com/catalog/images/thumbs/7-21-12%20006.jpg
620,Baptisia alba, $5.00 ,Potted Plants,FS,HP to zone 5,4 Feet,B D M O,http://companionplants.com/catalog/images/thumbs/July%2014%202012%20007.jpg
621,Passiflora incarnata seeds, $3.50 ,Seeds,PS-FS,HP(zones 5-10),vine to 25 feet,B C M N O,http://companionplants.com/catalog/images/thumbs/Passiflora%20incarnata.jpg
622,Baptisia tinctoria, $5.00 ,Potted Plants,PS - FS,HP (zones 3 - 9),2 - 3 FEET,B D M N O R,http://companionplants.com/catalog/images/thumbs/Passiflora%20incarnata.jpg
623,Stapelia gigantea, $5.00 ,Cacti/Succulents,FS,TP,"8 - 10 inches tall, spreads to 3 feet",O,http://companionplants.com/catalog/images/thumbs/Stapelia%20gigantea.jpg
624,Arisaema draconitum, $6.00 ,Potted Plants,Shade to partial sun,HP zones 3 - 9,2 - 3 Feet,O L N,http://companionplants.com/catalog/images/thumbs/July%2014%202012%20019.jpg
625,Amorphophallus konjac, $6.50 ,Potted Plants,PS,TP,3 TO 4 FEET,M O,http://companionplants.com/catalog/images/thumbs/Amorphaphallus%20konjac.jpg
626,Typhonium giganteum, $10.00 ,Potted Plants,Full sun to part shade,TP - zones 7 - 9,2 FEET,O M,http://companionplants.com/catalog/images/thumbs/Typhonium%20giganteum.jpg
627,Pinellia tripartita 'Golden Dragon', $8.00 ,Potted Plants,part shade,Tender perennial zones 7 - 9,14 inches,O,http://companionplants.com/catalog/images/thumbs/Typhonium%20giganteum.jpg
628,Crassula ovata, $5.00 ,Cacti/Succulents,FS - PS,TP,2 - 3 Feet(in containers),M O,http://companionplants.com/catalog/images/thumbs/Crassula%20ovata.jpg
629,Crassula ovata 'Gollum', $5.00 ,Cacti/Succulents,FS - PS,TP,2 3 FEET,O M,http://companionplants.com/catalog/images/thumbs/Crassula%20ovata.jpg
630,Crassula ovata 'Shrek's Ears', $5.00 ,Cacti/Succulents,FS - PS,TP,2 - 3 FEET,O M,http://companionplants.com/catalog/images/thumbs/Crassula%20ovata.jpg
631,Crassula ovata 'Variegata', $5.00 ,Cacti/Succulents,FS - PS,TP,2 - 3 FEET,O M,http://companionplants.com/catalog/images/thumbs/Crassula%20ovata.jpg
632,Datura metel, $3.50 ,Seeds,FS,TP,4 Feet,M O,http://companionplants.com/catalog/images/thumbs/Crassula%20ovata.jpg
633,Datura metel 'Double Black' seeds, $3.50 ,Seeds,FS,TP,4 Feet,M O,http://companionplants.com/catalog/images/thumbs/Crassula%20ovata.jpg
634,Stachys affinis  Tubers, $10.00 ,Seeds,FS,HP,"18""",C,http://companionplants.com/catalog/images/thumbs/Stachys%20affinis%20tubers.jpg
635,Poncirus trifoliata 'Flying Dragon', $7.00 ,Potted Plants,FS - PS,TP,8 Feet,C O,http://companionplants.com/catalog/images/thumbs/Stachys%20affinis%20tubers.jpg
636,Jeffersonia diphylla, $5.00 ,Potted Plants,Sh,HP,"10""",M N O,http://companionplants.com/catalog/images/thumbs/Jeffersonia%20diphylla.jpg
637,Lavandula x intermedia 'Phenomenal', $6.00 ,Potted Plants,FS,HP (zones 5 - 10),"30""",A B C H M O R,http://companionplants.com/catalog/images/thumbs/Jeffersonia%20diphylla.jpg
638,Lavandula viridis, $6.00 ,Potted Plants,FS,TP,"30""",A M O R,http://companionplants.com/catalog/images/thumbs/07-30-14%20032.JPG
639,Huernia zebrina, $5.00 ,Cacti/Succulents,FS,TP,"8""",O,http://companionplants.com/catalog/images/thumbs/Huernia%20zebrina.jpg
640,Capparis spinosa, $6.50 ,Potted Plants,FS,TP,3 feet x 6 feet,C M O,http://companionplants.com/catalog/images/thumbs/Caperis%20spinosa.JPG
641,Vitex negundo var heterophylla, $6.00 ,Potted Plants,FS - PS,HP,10 Feet,B H M O,http://companionplants.com/catalog/images/thumbs/Caperis%20spinosa.JPG
642,Lycium barbarum, $6.00 ,Potted Plants,FS,HP(zones 3 - 10),5 FEET,C M,http://companionplants.com/catalog/images/thumbs/Lycium%20barbarum.jpg
643,Asimina triloba, $8.00 ,Potted Plants,FS - PS,HP(zones 5 - 10),to 35 Feet,C M,http://companionplants.com/catalog/images/thumbs/Lycium%20barbarum.jpg
644,Portulaca oleracea, $3.50 ,Seeds,FS,Annual,12 inches,C M,http://companionplants.com/catalog/images/thumbs/10-07-14%20001.JPG
645,Psychotria albacarthagenesis, $20.00 ,Potted Plants,PS,TP,to 15 Feet,M L,http://companionplants.com/catalog/images/thumbs/10-07-14%20004.JPG
646,Ledebouria socialis, $5.00 ,Cacti/Succulents,PS,TP,"6""",M O,http://companionplants.com/catalog/images/thumbs/07-12-14%20014.JPG
647,Achyranthes bidentata, $3.50 ,Seeds,PS - FS,HP (zone 5),3 Feet,M,http://companionplants.com/catalog/images/thumbs/Achyranthus%20bidetata.JPG
648,Vitex negundo var heterophylla, $3.50 ,Seeds,PS - FS,HP,10 Feet,B H M O,http://companionplants.com/catalog/images/thumbs/Vitex%20negundo%20var.%20heterophylla%20Lace%20Leaf.JPG
649,Glycyrrhiza echinata, $6.00 ,Potted Plants,FS,HP,6 FEET,C M,http://companionplants.com/catalog/images/thumbs/Glycorrhiza%20echinata.jpg
650,Hydrastis canadensis, $5.00 ,Potted Plants,sh,HP,"12""",D M N,http://companionplants.com/catalog/images/thumbs/Hydrastis%20canadensis.jpg
651,Podophyllum peltatum, $5.00 ,Potted Plants,Sh to FS,HP,"18""",M N O,http://companionplants.com/catalog/images/thumbs/Photo_Unavail.JPG
652,Polemonium reptans, $5.00 ,Potted Plants,SH - PS,HP (zones 3 - 8),"12""",M N O,http://companionplants.com/catalog/images/thumbs/Photo_Unavail.JPG
653,Citrus hystrix, $12.00 ,Potted Plants,FS,TP,25 Feet,A C M,http://companionplants.com/catalog/images/thumbs/05-28-15%20006.JPG
654,Ilex paraguariensis, $18.00 ,Potted Plants,FS,TP,45 feet,C M,http://companionplants.com/catalog/images/thumbs/05-28-15%20009.JPG
655,Gynostemma pentaphyllum, $10.00 ,Potted Plants,PS - FS,HP(zone 5),Climbing vine,M O,http://companionplants.com/catalog/images/thumbs/05-28-15%20005.JPG
656,Lavandula viridis, $3.50 ,Seeds,FS,TP,30 inches,A M O R,http://companionplants.com/catalog/images/thumbs/Lavandula%20viridis.JPG
657,Azadarachta indica, $16.00 ,Potted Plants,FS,TP,to 50 feet,M O R,http://companionplants.com/catalog/images/thumbs/07-28-2016%20005.JPG
658,Ocimum x 'GREEK LESBOS, $5.00 ,Potted Plants,FS,TP,3 Feet,A C M O,http://companionplants.com/catalog/images/thumbs/07-28-2016%20007.JPG
659,Chenopodium ambrodiodes var, $3.50 ,Seeds,Full sun,Annual,3 feet,A C M O,http://companionplants.com/catalog/images/thumbs/11-03-15%20023.JPG
660,Moringa oleifera, $10.00 ,Potted Plants,FS,TP,20 - 30 FEET,C M O,http://companionplants.com/catalog/images/thumbs/06-26-17%20010.JPG
661,Scutellaria baicalensis, $5.00 ,Potted Plants,FS - PS,HP,"18""",M O,http://companionplants.com/catalog/images/thumbs/06-26-17%20009.JPG
662,Lippia micromera, $5.00 ,Potted Plants,FS - PS,TP,4 Feet,A C M,http://companionplants.com/catalog/images/thumbs/Photo_Unavail.JPG
663,Origanum sp, $5.00 ,Potted Plants,FS,HP,"18""",A C M O,http://companionplants.com/catalog/images/thumbs/Photo_Unavail.JPG
664,Ocimum canum, $3.50 ,Seeds,FS,Annual,"20""","M, O",http://companionplants.com/catalog/images/thumbs/Photo_Unavail.JPG
665,Bacopa monnieri, $5.75 ,Potted Plants,PS - FS,TP,"12""",C M O,http://companionplants.com/catalog/images/thumbs/Photo_Unavail.JPG
666,Anemopsis californica, $5.75 ,Potted Plants,FS,HP,"12""",M O,http://companionplants.com/catalog/images/thumbs/06-26-17%20007.JPG
667,Anadenanthera colubrina, $18.00 ,Potted Plants,FS - PS,TP,15 - 50 feet,L M,http://companionplants.com/catalog/images/thumbs/Anadenanthera%20columbrina.jpg
668,Lycopus europeaus, $3.50 ,Seeds,PS - FS,HP - zones 4 - 8,3 feet,A D M,http://companionplants.com/catalog/images/thumbs/Lycopus%20europeaus.jpg
669,Ocimum sp, $5.00 ,Potted Plants,FS,A - TP,20 INCHES,A C M O,http://companionplants.com/catalog/images/thumbs/Lycopus%20europeaus.jpg
670,Pycnanthemum virginianum, $5.00 ,Potted Plants,FS - PS,HP - TO ZONE 3,3 FEET,A C M N O,http://companionplants.com/catalog/images/thumbs/Lycopus%20europeaus.jpg
